"my_id","follower_id","status"
"3","6","1"
"6","3","1"
"3","2","1"
"3","7","1"
"7","2","1"
"7","3","1"
"9","2","1"
"9","3","1"
"9","7","1"
"8","9","1"
"4","9","1"
"3","9","1"
"1","7","1"
"1","3","1"
"4","2","1"
"4","1","1"
"3","2","1"
"3","1","1"
"11","7","1"
"7","11","1"
"17","7","1"
"20","7","1"
"20","3","1"
"20","9","1"
"23","7","1"
"25","7","1"
"26","7","1"
"28","7","1"
"39","7","1"
"3","20","1"
"3","1","1"
"3","2","1"
"3","2","1"
"8","7","1"
"220","86","1"
"86","220","1"
"189","86","1"
"189","220","1"
"287","3","1"
"208","3","1"
"120","3","1"
"142","3","1"
"76","3","1"
"121","3","1"
"92","3","1"
"121","7","1"
"191","3","1"
"46","3","1"
"282","120","1"
"160","76","1"
"89","4","1"
"4","76","1"
"259","251","1"
"142","251","1"
"4","160","1"
"4","251","1"
"120","142","1"
"200","3","1"
"4","120","1"
"259","142","1"
"56","251","1"
"148","142","1"
"4","142","1"
"160","251","1"
"299","47","1"
"112","251","1"
"160","142","1"
"259","47","1"
"160","47","1"
"142","120","1"
"111","299","1"
"142","259","1"
"142","148","1"
"120","282","1"
"142","4","1"
"238","150","1"
"120","4","1"
"340","150","1"
"111","150","1"
"142","160","1"
"142","55","1"
"55","148","1"
"148","47","1"
"170","3","1"
"148","325","1"
"148","325","1"
"354","3","1"
"160","74","1"
"160","4","1"
"164","3","1"
"55","142","1"
"196","136","1"
"306","3","1"
"150","111","1"
"150","238","1"
"118","3","1"
"191","7","1"
"164","2","1"
"316","3","1"
"164","7","1"
"164","6","1"
"164","9","1"
"164","4","1"
"164","1","1"
"164","20","1"
"164","191","1"
"215","142","1"
"164","121","1"
"164","76","1"
"215","329","1"
"118","142","1"
"325","74","1"
"329","215","1"
"305","136","1"
"343","142","1"
"219","89","1"
"343","329","1"
"325","148","1"
"343","74","1"
"219","370","1"
"329","343","1"
"337","150","1"
"219","218","1"
"266","251","1"
"115","74","1"
"219","136","1"
"364","219","1"
"15","329","1"
"219","130","1"
"15","74","1"
"115","325","1"
"311","131","1"
"160","131","1"
"115","329","1"
"267","131","1"
"158","219","1"
"311","219","1"
"330","3","1"
"120","330","1"
"118","281","1"
"384","142","1"
"384","322","1"
"337","158","1"
"384","74","1"
"306","266","1"
"306","47","1"
"107","3","1"
"150","337","1"
"310","56","1"
"306","74","1"
"400","158","1"
"148","322","1"
"306","142","1"
"148","56","1"
"306","56","1"
"115","330","1"
"148","111","1"
"350","337","1"
"148","74","1"
"400","287","1"
"148","3","1"
"57","3","1"
"110","281","1"
"110","74","1"
"158","400","1"
"110","142","1"
"158","337","1"
"400","337","1"
"337","350","1"
"92","7","1"
"161","110","1"
"363","3","1"
"329","15","1"
"57","299","1"
"57","188","1"
"333","287","1"
"281","110","1"
"148","266","1"
"287","333","1"
"330","161","1"
"287","7","1"
"308","47","1"
"287","2","1"
"287","11","1"
"386","111","1"
"306","81","1"
"386","74","1"
"306","148","1"
"148","362","1"
"287","362","1"
"386","57","1"
"386","281","1"
"362","287","1"
"362","148","1"
"255","3","1"
"299","57","1"
"337","400","1"
"299","111","1"
"386","56","1"
"49","362","1"
"386","142","1"
"148","55","1"
"148","306","1"
"342","267","1"
"267","56","1"
"294","308","1"
"410","417","1"
"209","361","1"
"267","74","1"
"361","74","1"
"342","131","1"
"209","362","1"
"410","362","1"
"342","74","1"
"361","330","1"
"410","386","1"
"407","142","1"
"209","417","1"
"267","281","1"
"359","209","1"
"267","342","1"
"337","47","1"
"330","120","1"
"411","3","1"
"337","148","1"
"410","407","1"
"407","160","1"
"410","297","1"
"337","209","1"
"359","361","1"
"342","281","1"
"407","410","1"
"362","49","1"
"407","251","1"
"428","251","1"
"407","56","1"
"400","350","1"
"294","183","1"
"428","56","1"
"400","148","1"
"454","294","1"
"118","49","1"
"168","3","1"
"428","188","1"
"168","142","1"
"428","330","1"
"428","330","1"
"168","107","1"
"428","57","1"
"428","407","1"
"428","386","1"
"407","428","1"
"466","6","1"
"448","3","1"
"428","449","1"
"4","424","1"
"456","148","1"
"456","306","1"
"281","267","1"
"456","306","1"
"164","110","1"
"312","386","1"
"449","428","1"
"164","284","1"
"164","417","1"
"442","388","1"
"386","312","1"
"164","417","1"
"442","3","1"
"417","388","1"
"8","6","1"
"49","442","1"
"330","388","1"
"417","442","1"
"388","442","1"
"330","442","1"
"424","168","1"
"49","3","1"
"417","49","1"
"424","478","1"
"330","49","1"
"417","330","1"
"442","49","1"
"442","417","1"
"442","330","1"
"417","90","1"
"49","330","1"
"330","417","1"
"388","417","1"
"491","49","1"
"49","417","1"
"330","90","1"
"417","491","1"
"90","417","1"
"90","330","1"
"106","47","1"
"330","491","1"
"330","491","1"
"491","477","1"
"49","491","1"
"330","477","1"
"388","330","1"
"484","3","1"
"196","57","1"
"486","330","1"
"172","477","1"
"356","49","1"
"472","428","1"
"172","463","1"
"172","491","1"
"172","417","1"
"426","47","1"
"472","251","1"
"350","400","1"
"417","477","1"
"424","4","1"
"417","172","1"
"371","297","1"
"491","3","1"
"417","463","1"
"388","172","1"
"493","3","1"
"371","281","1"
"172","388","1"
"371","322","1"
"209","161","1"
"172","442","1"
"172","49","1"
"172","142","1"
"417","142","1"
"371","209","1"
"172","330","1"
"510","362","1"
"172","90","1"
"475","270","1"
"424","451","1"
"142","215","1"
"142","343","1"
"142","384","1"
"142","306","1"
"142","110","1"
"18","3","1"
"142","386","1"
"400","386","1"
"142","407","1"
"142","417","1"
"371","168","1"
"475","287","1"
"142","172","1"
"142","168","1"
"497","3","1"
"511","325","1"
"502","280","1"
"475","337","1"
"386","400","1"
"471","493","1"
"515","280","1"
"431","3","1"
"475","183","1"
"475","362","1"
"74","115","1"
"475","47","1"
"74","148","1"
"74","110","1"
"115","467","1"
"115","168","1"
"74","325","1"
"74","386","1"
"115","110","1"
"417","286","1"
"475","431","1"
"334","3","1"
"334","6","1"
"334","7","1"
"334","120","1"
"334","9","1"
"334","142","1"
"521","480","1"
"471","142","1"
"471","322","1"
"431","475","1"
"533","3","1"
"471","259","1"
"524","508","1"
"90","172","1"
"426","7","1"
"467","115","1"
"504","81","1"
"492","508","1"
"270","280","1"
"481","475","1"
"481","431","1"
"492","251","1"
"481","480","1"
"270","475","1"
"481","280","1"
"424","286","1"
"539","524","1"
"481","158","1"
"431","481","1"
"417","519","1"
"520","330","1"
"417","173","1"
"173","417","1"
"173","442","1"
"546","3","1"
"547","3","1"
"519","417","1"
"520","551","1"
"532","3","1"
"71","551","1"
"532","547","1"
"532","542","1"
"544","3","1"
"549","386","1"
"71","3","1"
"276","495","1"
"549","74","1"
"549","410","1"
"286","417","1"
"549","312","1"
"286","424","1"
"434","3","1"
"543","3","1"
"434","6","1"
"434","7","1"
"434","142","1"
"434","121","1"
"550","251","1"
"550","47","1"
"218","266","1"
"561","3","1"
"489","519","1"
"218","524","1"
"276","542","1"
"173","530","1"
"218","551","1"
"218","219","1"
"276","209","1"
"173","286","1"
"519","561","1"
"276","386","1"
"519","561","1"
"550","561","1"
"173","561","1"
"411","329","1"
"530","3","1"
"561","519","1"
"173","49","1"
"561","550","1"
"561","173","1"
"545","173","1"
"473","524","1"
"276","232","1"
"473","508","1"
"530","173","1"
"119","489","1"
"545","362","1"
"489","3","1"
"424","3","1"
"550","3","1"
"571","530","1"
"545","572","1"
"119","57","1"
"270","481","1"
"568","530","1"
"411","142","1"
"568","286","1"
"173","568","1"
"568","142","1"
"568","463","1"
"568","477","1"
"173","172","1"
"568","417","1"
"568","49","1"
"173","477","1"
"173","491","1"
"173","388","1"
"357","9","1"
"357","142","1"
"467","530","1"
"467","214","1"
"568","119","1"
"214","467","1"
"568","478","1"
"153","142","1"
"153","251","1"
"153","56","1"
"153","74","1"
"153","339","1"
"153","47","1"
"489","119","1"
"589","337","1"
"589","337","1"
"201","7","1"
"545","373","1"
"578","544","1"
"373","530","1"
"447","577","1"
"570","3","1"
"601","530","1"
"597","530","1"
"207","3","1"
"312","330","1"
"312","417","1"
"312","445","1"
"487","3","1"
"519","625","1"
"560","617","1"
"554","585","1"
"630","3","1"
"628","608","1"
"554","447","1"
"634","47","1"
"634","308","1"
"634","550","1"
"631","251","1"
"622","640","1"
"610","640","1"
"622","642","1"
"487","640","1"
"622","610","1"
"640","610","1"
"631","57","1"
"640","642","1"
"640","622","1"
"640","631","1"
"487","642","1"
"487","622","1"
"487","631","1"
"631","640","1"
"487","618","1"
"631","487","1"
"640","618","1"
"640","487","1"
"584","530","1"
"655","3","1"
"443","251","1"
"656","642","1"
"660","3","1"
"660","251","1"
"635","3","1"
"665","216","1"
"475","571","1"
"635","657","1"
"635","656","1"
"635","216","1"
"635","654","1"
"635","631","1"
"676","160","1"
"676","142","1"
"676","407","1"
"670","386","1"
"684","631","1"
"676","209","1"
"571","475","1"
"684","445","1"
"139","530","1"
"673","139","1"
"696","57","1"
"673","699","1"
"139","673","1"
"139","699","1"
"699","139","1"
"699","673","1"
"673","687","1"
"687","673","1"
"495","699","1"
"139","687","1"
"673","495","1"
"139","495","1"
"495","673","1"
"687","139","1"
"495","687","1"
"95","687","1"
"634","139","1"
"687","495","1"
"687","95","1"
"103","530","1"
"434","495","1"
"434","495","1"
"142","509","1"
"142","509","1"
"142","334","1"
"142","471","1"
"142","471","1"
"142","676","1"
"142","434","1"
"142","434","1"
"142","153","1"
"142","153","1"
"142","357","1"
"142","357","1"
"142","568","1"
"142","411","1"
"718","3","1"
"139","434","1"
"327","687","1"
"701","3","1"
"368","561","1"
"719","3","1"
"681","701","1"
"192","47","1"
"192","362","1"
"92","681","1"
"192","386","1"
"728","3","1"
"192","662","1"
"732","109","1"
"633","192","1"
"295","139","1"
"362","192","1"
"139","295","1"
"72","692","1"
"214","730","1"
"727","3","1"
"192","744","1"
"139","704","1"
"730","47","1"
"139","748","1"
"730","214","1"
"748","701","1"
"730","72","1"
"755","704","1"
"755","295","1"
"139","520","1"
"755","520","1"
"520","295","1"
"520","704","1"
"704","139","1"
"520","139","1"
"704","755","1"
"520","755","1"
"704","520","1"
"756","47","1"
"586","748","1"
"746","445","1"
"760","322","1"
"746","407","1"
"760","142","1"
"746","386","1"
"699","495","1"
"760","74","1"
"586","434","1"
"760","329","1"
"748","586","1"
"746","362","1"
"746","362","1"
"586","495","1"
"626","687","1"
"748","139","1"
"586","699","1"
"586","687","1"
"586","673","1"
"586","139","1"
"117","497","1"
"139","586","1"
"434","687","1"
"434","699","1"
"673","434","1"
"673","748","1"
"673","586","1"
"95","327","1"
"737","327","1"
"327","737","1"
"726","11","1"
"726","7","1"
"70","164","1"
"654","635","1"
"782","753","1"
"554","597","1"
"767","3","1"
"767","6","1"
"767","2","1"
"767","7","1"
"767","9","1"
"767","1","1"
"117","395","1"
"794","3","1"
"164","70","1"
"657","635","1"
"764","338","1"
"764","3","1"
"353","152","1"
"699","687","1"
"681","530","1"
"790","417","1"
"152","353","1"
"407","676","1"
"783","395","1"
"783","657","1"
"783","391","1"
"792","3","1"
"783","327","1"
"783","626","1"
"783","497","1"
"783","687","1"
"395","117","1"
"395","783","1"
"821","822","1"
"821","109","1"
"825","386","1"
"825","57","1"
"821","3","1"
"824","3","1"
"108","3","1"
"783","821","1"
"783","822","1"
"815","434","1"
"108","160","1"
"815","586","1"
"815","748","1"
"218","821","1"
"108","821","1"
"810","737","1"
"322","471","1"
"322","371","1"
"322","148","1"
"322","384","1"
"322","760","1"
"779","3","1"
"779","833","1"
"818","822","1"
"106","815","1"
"779","821","1"
"818","821","1"
"727","726","1"
"818","109","1"
"295","520","1"
"835","3","1"
"117","354","1"
"354","737","1"
"395","823","1"
"849","3","1"
"856","818","1"
"830","167","1"
"673","815","1"
"48","635","1"
"602","354","1"
"820","3","1"
"602","395","1"
"818","856","1"
"821","818","1"
"821","568","1"
"821","779","1"
"248","477","1"
"815","824","1"
"847","824","1"
"815","847","1"
"812","445","1"
"847","815","1"
"824","815","1"
"863","3","1"
"824","847","1"
"95","847","1"
"873","3","1"
"847","95","1"
"873","115","1"
"673","824","1"
"673","847","1"
"589","547","1"
"833","779","1"
"439","280","1"
"589","530","1"
"668","480","1"
"681","280","1"
"165","820","1"
"860","439","1"
"568","856","1"
"280","681","1"
"894","209","1"
"514","251","1"
"139","815","1"
"514","142","1"
"139","824","1"
"280","439","1"
"439","681","1"
"891","86","1"
"139","847","1"
"687","327","1"
"824","673","1"
"687","626","1"
"824","139","1"
"687","586","1"
"687","434","1"
"687","699","1"
"687","783","1"
"815","106","1"
"843","589","1"
"815","673","1"
"815","139","1"
"847","139","1"
"847","673","1"
"139","601","1"
"139","568","1"
"514","445","1"
"514","386","1"
"139","512","1"
"890","589","1"
"514","306","1"
"895","897","1"
"514","330","1"
"514","115","1"
"514","266","1"
"514","339","1"
"139","280","1"
"867","165","1"
"161","887","1"
"881","3","1"
"288","847","1"
"288","847","1"
"139","681","1"
"847","288","1"
"196","759","1"
"196","737","1"
"196","597","1"
"847","106","1"
"903","681","1"
"20","439","1"
"856","568","1"
"862","815","1"
"926","589","1"
"475","196","1"
"862","824","1"
"856","783","1"
"189","834","1"
"475","136","1"
"862","139","1"
"139","106","1"
"909","3","1"
"856","834","1"
"106","847","1"
"106","139","1"
"475","481","1"
"189","856","1"
"139","825","1"
"153","701","1"
"285","106","1"
"856","821","1"
"106","285","1"
"153","681","1"
"192","726","1"
"620","3","1"
"285","847","1"
"820","900","1"
"824","106","1"
"820","812","1"
"926","887","1"
"856","822","1"
"834","189","1"
"148","386","1"
"729","887","1"
"753","439","1"
"382","909","1"
"926","909","1"
"589","909","1"
"926","630","1"
"891","589","1"
"148","642","1"
"439","753","1"
"106","824","1"
"165","909","1"
"862","285","1"
"589","630","1"
"862","820","1"
"165","867","1"
"825","630","1"
"620","192","1"
"382","167","1"
"438","142","1"
"933","520","1"
"847","753","1"
"753","782","1"
"753","847","1"
"52","753","1"
"847","908","1"
"820","165","1"
"818","834","1"
"139","175","1"
"439","20","1"
"847","439","1"
"856","658","1"
"139","933","1"
"815","285","1"
"856","344","1"
"377","909","1"
"139","285","1"
"901","52","1"
"753","52","1"
"391","783","1"
"382","744","1"
"377","753","1"
"815","933","1"
"922","909","1"
"382","192","1"
"856","109","1"
"847","933","1"
"890","824","1"
"382","681","1"
"856","189","1"
"753","377","1"
"165","439","1"
"890","815","1"
"382","662","1"
"344","783","1"
"175","139","1"
"825","139","1"
"320","439","1"
"847","285","1"
"382","473","1"
"382","272","1"
"344","173","1"
"165","620","1"
"514","216","1"
"382","578","1"
"344","530","1"
"382","207","1"
"344","519","1"
"514","681","1"
"103","953","1"
"344","561","1"
"382","3","1"
"344","568","1"
"856","475","1"
"344","625","1"
"589","890","1"
"514","167","1"
"344","475","1"
"589","926","1"
"589","843","1"
"764","554","1"
"901","900","1"
"514","753","1"
"764","52","1"
"514","439","1"
"764","753","1"
"933","847","1"
"956","815","1"
"956","106","1"
"196","439","1"
"956","673","1"
"601","439","1"
"956","890","1"
"956","847","1"
"601","753","1"
"439","196","1"
"673","933","1"
"962","620","1"
"410","439","1"
"894","713","1"
"894","701","1"
"615","139","1"
"673","285","1"
"894","681","1"
"439","601","1"
"922","528","1"
"673","106","1"
"753","514","1"
"783","856","1"
"753","601","1"
"933","673","1"
"753","764","1"
"922","103","1"
"933","139","1"
"620","165","1"
"922","764","1"
"933","815","1"
"894","530","1"
"620","962","1"
"783","344","1"
"453","901","1"
"894","439","1"
"347","651","1"
"344","822","1"
"344","821","1"
"344","818","1"
"818","651","1"
"344","856","1"
"439","165","1"
"970","856","1"
"439","847","1"
"439","320","1"
"942","620","1"
"344","834","1"
"439","514","1"
"62","439","1"
"439","410","1"
"344","658","1"
"856","370","1"
"922","587","1"
"439","894","1"
"439","62","1"
"942","839","1"
"108","867","1"
"943","886","1"
"856","970","1"
"940","657","1"
"115","867","1"
"942","601","1"
"344","970","1"
"753","615","1"
"439","615","1"
"922","867","1"
"970","344","1"
"909","382","1"
"909","926","1"
"964","587","1"
"909","589","1"
"922","453","1"
"909","165","1"
"909","377","1"
"305","481","1"
"248","481","1"
"942","481","1"
"964","867","1"
"967","175","1"
"354","175","1"
"821","970","1"
"964","481","1"
"794","481","1"
"288","192","1"
"964","887","1"
"657","783","1"
"568","439","1"
"62","481","1"
"657","940","1"
"936","481","1"
"964","909","1"
"171","439","1"
"946","942","1"
"602","62","1"
"165","62","1"
"978","3","1"
"62","165","1"
"970","821","1"
"964","753","1"
"568","952","1"
"439","568","1"
"62","602","1"
"439","171","1"
"964","439","1"
"165","783","1"
"964","52","1"
"514","814","1"
"946","439","1"
"867","108","1"
"922","976","1"
"867","115","1"
"165","528","1"
"982","3","1"
"802","946","1"
"481","270","1"
"165","651","1"
"165","900","1"
"216","481","1"
"964","554","1"
"165","908","1"
"946","481","1"
"481","942","1"
"977","959","1"
"964","946","1"
"481","794","1"
"481","62","1"
"989","839","1"
"481","936","1"
"867","717","1"
"946","802","1"
"481","216","1"
"288","103","1"
"481","946","1"
"867","939","1"
"717","334","1"
"867","820","1"
"964","528","1"
"989","344","1"
"234","681","1"
"423","936","1"
"970","989","1"
"717","462","1"
"964","62","1"
"726","192","1"
"964","794","1"
"462","717","1"
"964","103","1"
"886","587","1"
"964","941","1"
"989","783","1"
"964","344","1"
"989","568","1"
"898","344","1"
"717","110","1"
"717","3","1"
"964","530","1"
"898","886","1"
"439","946","1"
"964","71","1"
"867","898","1"
"936","423","1"
"717","867","1"
"936","475","1"
"822","821","1"
"822","834","1"
"822","783","1"
"822","818","1"
"822","856","1"
"822","344","1"
"165","978","1"
"995","3","1"
"956","978","1"
"995","7","1"
"995","6","1"
"972","978","1"
"995","330","1"
"972","288","1"
"972","898","1"
"972","344","1"
"972","886","1"
"947","822","1"
"972","923","1"
"989","970","1"
"972","936","1"
"1007","733","1"
"514","867","1"
"972","941","1"
"972","103","1"
"972","794","1"
"514","820","1"
"972","62","1"
"989","822","1"
"972","946","1"
"1007","820","1"
"352","3","1"
"259","822","1"
"344","933","1"
"1007","833","1"
"779","978","1"
"1007","806","1"
"439","933","1"
"1007","821","1"
"995","334","1"
"439","991","1"
"1007","764","1"
"834","818","1"
"834","344","1"
"291","978","1"
"312","481","1"
"748","439","1"
"834","822","1"
"834","568","1"
"1007","192","1"
"291","794","1"
"568","822","1"
"351","658","1"
"568","173","1"
"659","344","1"
"568","139","1"
"1008","3","1"
"568","821","1"
"822","947","1"
"568","344","1"
"822","259","1"
"351","568","1"
"822","568","1"
"291","933","1"
"568","351","1"
"568","834","1"
"1035","933","1"
"970","904","1"
"815","890","1"
"815","956","1"
"368","1036","1"
"587","886","1"
"1036","368","1"
"783","165","1"
"554","764","1"
"305","981","1"
"291","423","1"
"1039","601","1"
"1039","942","1"
"976","102","1"
"386","1039","1"
"370","856","1"
"370","219","1"
"139","439","1"
"386","549","1"
"344","423","1"
"1002","3","1"
"386","192","1"
"568","554","1"
"139","959","1"
"1036","1039","1"
"568","52","1"
"344","151","1"
"1036","991","1"
"92","1047","1"
"86","189","1"
"1045","964","1"
"559","489","1"
"559","904","1"
"867","3","1"
"976","904","1"
"991","904","1"
"1053","1045","1"
"1043","3","1"
"151","344","1"
"238","1045","1"
"1043","6","1"
"1033","1045","1"
"1053","904","1"
"1043","2","1"
"1043","7","1"
"382","717","1"
"643","1045","1"
"312","964","1"
"1043","121","1"
"1043","316","1"
"280","139","1"
"1045","1033","1"
"280","481","1"
"952","568","1"
"1045","643","1"
"1047","92","1"
"1045","238","1"
"229","662","1"
"1033","991","1"
"1033","238","1"
"1033","223","1"
"1033","898","1"
"933","344","1"
"933","291","1"
"933","439","1"
"933","1035","1"
"1060","964","1"
"1060","423","1"
"711","102","1"
"93","238","1"
"1033","858","1"
"974","881","1"
"711","822","1"
"1027","964","1"
"711","196","1"
"550","898","1"
"711","897","1"
"711","316","1"
"514","964","1"
"898","550","1"
"550","543","1"
"139","151","1"
"514","978","1"
"904","970","1"
"46","439","1"
"1058","1036","1"
"352","320","1"
"904","559","1"
"352","104","1"
"904","976","1"
"139","1036","1"
"946","904","1"
"946","964","1"
"904","991","1"
"1007","991","1"
"622","487","1"
"904","946","1"
"568","1069","1"
"1027","3","1"
"1007","439","1"
"1062","3","1"
"1007","978","1"
"439","139","1"
"46","309","1"
"631","635","1"
"631","684","1"
"1037","220","1"
"1007","309","1"
"711","309","1"
"139","1047","1"
"747","894","1"
"139","1047","1"
"352","1047","1"
"1047","964","1"
"964","1047","1"
"352","1036","1"
"602","352","1"
"352","288","1"
"620","942","1"
"620","942","1"
"258","1047","1"
"258","352","1"
"911","881","1"
"258","288","1"
"1047","139","1"
"151","139","1"
"713","894","1"
"172","220","1"
"1103","288","1"
"192","288","1"
"1036","1047","1"
"946","344","1"
"1001","439","1"
"737","95","1"
"737","783","1"
"737","687","1"
"960","792","1"
"737","354","1"
"737","196","1"
"1047","1036","1"
"1036","352","1"
"1024","1047","1"
"1008","288","1"
"1036","1058","1"
"4","653","1"
"347","352","1"
"746","1118","1"
"653","4","1"
"545","858","1"
"1043","309","1"
"687","737","1"
"1096","717","1"
"1076","701","1"
"674","933","1"
"110","717","1"
"110","115","1"
"110","161","1"
"110","164","1"
"214","1047","1"
"970","1006","1"
"674","823","1"
"214","933","1"
"674","793","1"
"674","91","1"
"674","952","1"
"173","196","1"
"869","214","1"
"674","620","1"
"869","933","1"
"657","139","1"
"386","1047","1"
"413","288","1"
"869","1047","1"
"139","214","1"
"238","1033","1"
"869","139","1"
"238","93","1"
"475","856","1"
"869","1002","1"
"910","3","1"
"475","344","1"
"475","936","1"
"139","869","1"
"869","439","1"
"869","175","1"
"1104","142","1"
"933","1047","1"
"86","746","1"
"746","86","1"
"1006","970","1"
"1135","139","1"
"933","869","1"
"1135","214","1"
"933","214","1"
"933","674","1"
"890","46","1"
"869","1118","1"
"642","631","1"
"642","445","1"
"46","890","1"
"869","1135","1"
"1050","881","1"
"1139","1051","1"
"1144","288","1"
"1050","653","1"
"937","3","1"
"711","591","1"
"1137","86","1"
"1137","746","1"
"1137","189","1"
"1144","309","1"
"1144","46","1"
"1144","1875","1"
"1144","1875","1"
"1144","1043","1"
"1144","1875","1"
"708","886","1"
"708","760","1"
"1047","352","1"
"1143","591","1"
"554","591","1"
"701","681","1"
"1047","214","1"
"701","1076","1"
"407","746","1"
"1047","933","1"
"701","894","1"
"1047","869","1"
"1047","386","1"
"647","288","1"
"311","1050","1"
"1155","1097","1"
"1103","46","1"
"858","1033","1"
"46","1103","1"
"361","359","1"
"290","1148","1"
"361","209","1"
"1148","708","1"
"1155","1148","1"
"554","1875","1"
"86","1137","1"
"708","1047","1"
"554","1875","1"
"1155","591","1"
"708","964","1"
"806","1146","1"
"708","1148","1"
"554","1875","1"
"1050","261","1"
"858","268","1"
"952","674","1"
"1050","46","1"
"643","833","1"
"1158","760","1"
"62","591","1"
"1148","599","1"
"1036","599","1"
"1135","1148","1"
"1135","599","1"
"1059","170","1"
"1059","170","1"
"599","1148","1"
"599","1036","1"
"599","1135","1"
"1135","869","1"
"1159","952","1"
"1103","1047","1"
"1103","599","1"
"214","869","1"
"214","1135","1"
"214","139","1"
"1128","170","1"
"116","1875","1"
"891","170","1"
"116","1875","1"
"116","1875","1"
"116","1875","1"
"806","1162","1"
"643","1148","1"
"643","708","1"
"643","1135","1"
"258","327","1"
"39","642","1"
"258","1036","1"
"554","711","1"
"937","599","1"
"258","599","1"
"508","1047","1"
"116","1875","1"
"894","1112","1"
"755","439","1"
"173","1137","1"
"1047","708","1"
"1047","508","1"
"1162","1137","1"
"952","1159","1"
"1183","1112","1"
"382","1112","1"
"1047","599","1"
"1183","895","1"
"1183","597","1"
"1183","316","1"
"1183","737","1"
"382","445","1"
"1183","263","1"
"631","642","1"
"1112","445","1"
"115","873","1"
"115","514","1"
"566","445","1"
"445","1112","1"
"1024","327","1"
"1112","894","1"
"1112","1183","1"
"1112","382","1"
"1195","833","1"
"702","1179","1"
"115","1179","1"
"183","294","1"
"72","1179","1"
"183","475","1"
"863","1179","1"
"266","1179","1"
"783","737","1"
"170","1128","1"
"643","883","1"
"643","327","1"
"960","1047","1"
"960","327","1"
"1047","1179","1"
"566","1112","1"
"1179","1047","1"
"960","599","1"
"768","635","1"
"794","964","1"
"115","964","1"
"960","352","1"
"794","291","1"
"960","288","1"
"738","599","1"
"745","183","1"
"334","717","1"
"334","995","1"
"893","1041","1"
"702","822","1"
"1137","173","1"
"802","481","1"
"173","738","1"
"1137","1162","1"
"893","158","1"
"1178","1179","1"
"1204","183","1"
"679","1196","1"
"891","1179","1"
"1041","893","1"
"1162","806","1"
"893","1179","1"
"711","554","1"
"329","760","1"
"329","115","1"
"554","964","1"
"329","411","1"
"554","568","1"
"327","1047","1"
"738","173","1"
"139","1135","1"
"334","1047","1"
"711","738","1"
"679","738","1"
"287","113","1"
"711","1112","1"
"1178","1137","1"
"496","1179","1"
"1128","530","1"
"886","738","1"
"1047","334","1"
"914","327","1"
"679","327","1"
"139","914","1"
"327","1179","1"
"72","914","1"
"1194","158","1"
"679","1152","1"
"753","509","1"
"1041","1197","1"
"1194","1197","1"
"508","524","1"
"738","711","1"
"1194","290","1"
"1041","1235","1"
"738","886","1"
"1047","327","1"
"139","154","1"
"1206","635","1"
"886","893","1"
"167","290","1"
"508","524","1"
"1197","290","1"
"359","1047","1"
"892","702","1"
"1197","1235","1"
"167","1235","1"
"1047","359","1"
"413","1179","1"
"1197","1041","1"
"508","473","1"
"530","568","1"
"1179","327","1"
"623","768","1"
"1088","290","1"
"290","1227","1"
"802","1227","1"
"266","1225","1"
"1206","137","1"
"288","113","1"
"1041","1227","1"
"892","334","1"
"653","1050","1"
"530","1047","1"
"154","139","1"
"902","113","1"
"183","745","1"
"393","1235","1"
"711","702","1"
"1201","1222","1"
"413","359","1"
"1227","290","1"
"887","161","1"
"887","926","1"
"1227","802","1"
"1128","359","1"
"1227","1041","1"
"887","964","1"
"902","745","1"
"914","72","1"
"413","711","1"
"886","708","1"
"886","708","1"
"747","115","1"
"413","1229","1"
"1007","642","1"
"902","833","1"
"568","183","1"
"266","1242","1"
"1047","530","1"
"1041","1242","1"
"1041","899","1"
"1041","359","1"
"1162","1242","1"
"554","472","1"
"1264","1179","1"
"679","1126","1"
"781","1047","1"
"1162","899","1"
"352","602","1"
"61","327","1"
"413","720","1"
"1162","755","1"
"747","1179","1"
"1197","642","1"
"352","347","1"
"1269","1047","1"
"781","113","1"
"711","472","1"
"1269","352","1"
"1278","327","1"
"1269","1036","1"
"554","1007","1"
"711","1007","1"
"1269","288","1"
"781","1249","1"
"472","1007","1"
"1201","940","1"
"148","1229","1"
"1007","554","1"
"1269","1148","1"
"1007","711","1"
"781","973","1"
"1007","472","1"
"619","702","1"
"1222","1201","1"
"1272","1238","1"
"1269","708","1"
"413","286","1"
"1269","1126","1"
"1028","833","1"
"472","711","1"
"509","753","1"
"148","101","1"
"509","142","1"
"1255","973","1"
"137","1206","1"
"1281","158","1"
"137","899","1"
"101","148","1"
"1230","1199","1"
"165","1179","1"
"1187","1206","1"
"1255","1126","1"
"1235","987","1"
"711","183","1"
"1255","899","1"
"1124","101","1"
"101","720","1"
"1255","1206","1"
"82","167","1"
"1235","1041","1"
"863","7","1"
"1235","167","1"
"1235","167","1"
"487","7","1"
"1255","137","1"
"462","7","1"
"295","7","1"
"747","7","1"
"1088","1179","1"
"1235","393","1"
"50","7","1"
"153","7","1"
"165","7","1"
"1124","148","1"
"223","7","1"
"1143","7","1"
"909","7","1"
"101","7","1"
"453","7","1"
"866","7","1"
"1224","7","1"
"327","7","1"
"148","7","1"
"720","148","1"
"585","101","1"
"281","7","1"
"1251","7","1"
"93","7","1"
"285","7","1"
"1196","7","1"
"1252","7","1"
"1180","7","1"
"1124","720","1"
"700","7","1"
"72","7","1"
"259","7","1"
"421","7","1"
"1107","7","1"
"610","7","1"
"308","7","1"
"1062","7","1"
"82","909","1"
"1021","7","1"
"568","7","1"
"891","1028","1"
"902","7","1"
"2","7","1"
"390","7","1"
"921","148","1"
"1145","7","1"
"899","7","1"
"1255","327","1"
"306","7","1"
"711","101","1"
"1222","7","1"
"1242","7","1"
"637","7","1"
"679","7","1"
"1065","7","1"
"720","101","1"
"82","439","1"
"756","7","1"
"754","7","1"
"1028","7","1"
"158","7","1"
"1255","775","1"
"763","7","1"
"489","7","1"
"585","554","1"
"717","7","1"
"276","7","1"
"1242","266","1"
"137","775","1"
"224","7","1"
"921","101","1"
"82","554","1"
"1124","711","1"
"711","148","1"
"1242","1041","1"
"1255","1196","1"
"101","711","1"
"756","3","1"
"1242","1162","1"
"471","7","1"
"523","7","1"
"756","2","1"
"432","7","1"
"858","7","1"
"1199","7","1"
"455","7","1"
"1047","1269","1"
"359","7","1"
"82","651","1"
"413","7","1"
"509","47","1"
"82","901","1"
"252","7","1"
"101","1229","1"
"174","7","1"
"523","3","1"
"1294","7","1"
"82","900","1"
"200","411","1"
"1239","7","1"
"1225","266","1"
"720","711","1"
"802","7","1"
"143","1227","1"
"454","1112","1"
"413","148","1"
"168","7","1"
"373","899","1"
"775","327","1"
"711","720","1"
"887","1227","1"
"137","973","1"
"472","591","1"
"280","7","1"
"1196","775","1"
"1271","1075","1"
"887","1028","1"
"1242","637","1"
"1179","7","1"
"940","1201","1"
"1194","1028","1"
"1196","973","1"
"430","7","1"
"443","991","1"
"443","991","1"
"428","978","1"
"443","991","1"
"1196","1126","1"
"1242","50","1"
"1249","637","1"
"554","82","1"
"373","3","1"
"454","599","1"
"101","585","1"
"428","1036","1"
"306","101","1"
"73","7","1"
"143","637","1"
"1280","192","1"
"1274","637","1"
"61","1179","1"
"1242","1209","1"
"110","7","1"
"137","1126","1"
"407","7","1"
"1293","530","1"
"653","443","1"
"1051","991","1"
"1201","154","1"
"90","7","1"
"454","711","1"
"756","6","1"
"1209","7","1"
"306","1229","1"
"62","472","1"
"1293","200","1"
"137","914","1"
"756","9","1"
"329","7","1"
"308","634","1"
"1051","1139","1"
"308","294","1"
"1199","1230","1"
"756","1","1"
"472","1179","1"
"1199","1230","1"
"454","183","1"
"214","1227","1"
"1199","1230","1"
"631","7","1"
"523","11","1"
"428","642","1"
"82","637","1"
"306","711","1"
"756","20","1"
"82","50","1"
"120","7","1"
"1039","101","1"
"503","7","1"
"82","1274","1"
"102","1227","1"
"523","2","1"
"901","82","1"
"82","1271","1"
"720","585","1"
"1281","653","1"
"214","1028","1"
"901","453","1"
"82","1075","1"
"137","599","1"
"775","1036","1"
"102","585","1"
"82","7","1"
"649","7","1"
"637","1242","1"
"637","1249","1"
"1281","443","1"
"102","711","1"
"443","1179","1"
"1293","7","1"
"148","711","1"
"101","102","1"
"637","82","1"
"306","720","1"
"747","327","1"
"167","107","1"
"215","1209","1"
"637","143","1"
"101","1227","1"
"276","1179","1"
"1201","453","1"
"224","50","1"
"685","224","1"
"775","137","1"
"1282","1028","1"
"276","3","1"
"148","102","1"
"102","7","1"
"215","224","1"
"413","585","1"
"90","120","1"
"653","1281","1"
"224","637","1"
"775","1196","1"
"215","101","1"
"90","115","1"
"373","443","1"
"1039","148","1"
"443","1281","1"
"90","361","1"
"754","1007","1"
"143","139","1"
"148","1227","1"
"224","888","1"
"224","1209","1"
"895","50","1"
"1281","1051","1"
"911","359","1"
"306","585","1"
"224","1047","1"
"1134","7","1"
"637","224","1"
"631","200","1"
"90","428","1"
"167","101","1"
"637","1274","1"
"148","337","1"
"1209","224","1"
"306","1227","1"
"1209","215","1"
"472","509","1"
"443","653","1"
"148","400","1"
"1209","1242","1"
"224","1201","1"
"508","443","1"
"183","711","1"
"209","7","1"
"428","1249","1"
"775","224","1"
"1007","754","1"
"306","102","1"
"1007","754","1"
"472","1152","1"
"1041","1281","1"
"148","456","1"
"1047","224","1"
"508","1281","1"
"711","756","1"
"306","1039","1"
"336","7","1"
"1041","489","1"
"148","1039","1"
"472","1104","1"
"1051","1281","1"
"1297","7","1"
"1039","711","1"
"1041","1050","1"
"747","359","1"
"472","1102","1"
"428","717","1"
"1201","23","1"
"508","492","1"
"747","886","1"
"775","23","1"
"1201","1286","1"
"472","1105","1"
"413","101","1"
"1081","726","1"
"69","7","1"
"1286","23","1"
"472","857","1"
"57","148","1"
"902","23","1"
"413","57","1"
"833","7","1"
"57","101","1"
"148","57","1"
"472","352","1"
"1039","585","1"
"1201","224","1"
"711","1039","1"
"57","1039","1"
"508","1235","1"
"472","320","1"
"1081","192","1"
"57","102","1"
"1286","275","1"
"888","224","1"
"57","1227","1"
"895","711","1"
"1039","57","1"
"359","886","1"
"1075","82","1"
"1286","92","1"
"158","1281","1"
"888","7","1"
"1075","1271","1"
"492","7","1"
"167","7","1"
"455","775","1"
"101","306","1"
"455","1257","1"
"101","57","1"
"472","104","1"
"101","167","1"
"57","720","1"
"167","1179","1"
"1312","1229","1"
"267","101","1"
"1286","215","1"
"711","1227","1"
"82","1209","1"
"472","47","1"
"858","1281","1"
"1281","1041","1"
"224","775","1"
"82","942","1"
"1281","508","1"
"82","587","1"
"224","685","1"
"1281","858","1"
"224","215","1"
"754","472","1"
"775","1257","1"
"82","528","1"
"90","49","1"
"101","215","1"
"321","1179","1"
"1312","101","1"
"52","472","1"
"359","1128","1"
"472","52","1"
"275","7","1"
"215","1286","1"
"52","711","1"
"267","148","1"
"359","1041","1"
"352","23","1"
"413","850","1"
"52","1007","1"
"57","850","1"
"558","7","1"
"306","514","1"
"775","455","1"
"359","911","1"
"1271","82","1"
"1041","1201","1"
"359","747","1"
"1315","755","1"
"306","456","1"
"302","7","1"
"122","7","1"
"850","101","1"
"1081","1179","1"
"315","7","1"
"1281","1201","1"
"267","850","1"
"275","1286","1"
"259","23","1"
"631","1206","1"
"711","52","1"
"306","850","1"
"957","224","1"
"631","1271","1"
"108","304","1"
"1039","119","1"
"1257","775","1"
"113","288","1"
"850","148","1"
"1039","386","1"
"1325","1028","1"
"1039","299","1"
"113","287","1"
"113","4","1"
"1281","1243","1"
"711","306","1"
"850","267","1"
"1027","7","1"
"413","1201","1"
"1047","107","1"
"148","267","1"
"107","23","1"
"1039","3","1"
"711","895","1"
"850","1039","1"
"215","1235","1"
"1062","1243","1"
"259","631","1"
"302","439","1"
"1039","188","1"
"850","102","1"
"503","1209","1"
"509","472","1"
"850","1227","1"
"52","1179","1"
"637","1047","1"
"1039","1227","1"
"720","267","1"
"23","1201","1"
"23","775","1"
"101","267","1"
"23","1286","1"
"101","850","1"
"453","1201","1"
"413","453","1"
"1298","453","1"
"812","453","1"
"1039","1036","1"
"453","812","1"
"101","1039","1"
"1201","1281","1"
"23","107","1"
"509","514","1"
"1039","306","1"
"23","259","1"
"1010","957","1"
"1255","957","1"
"599","1047","1"
"213","957","1"
"1298","957","1"
"1333","1041","1"
"411","23","1"
"1325","1201","1"
"1010","213","1"
"411","200","1"
"599","137","1"
"720","850","1"
"82","726","1"
"1257","453","1"
"914","213","1"
"578","957","1"
"390","765","1"
"509","717","1"
"107","1047","1"
"1010","224","1"
"1044","7","1"
"1333","1243","1"
"957","1047","1"
"1312","113","1"
"390","453","1"
"1081","957","1"
"850","711","1"
"82","192","1"
"578","453","1"
"957","1010","1"
"961","925","1"
"1039","850","1"
"578","1305","1"
"213","1010","1"
"850","57","1"
"812","1179","1"
"957","213","1"
"455","1282","1"
"213","914","1"
"1281","1282","1"
"957","578","1"
"957","1081","1"
"925","1047","1"
"1081","101","1"
"350","7","1"
"1039","267","1"
"657","439","1"
"850","306","1"
"148","23","1"
"1325","1282","1"
"720","306","1"
"50","895","1"
"765","390","1"
"657","904","1"
"50","224","1"
"1282","1281","1"
"1092","825","1"
"50","1242","1"
"700","653","1"
"148","1286","1"
"1107","1282","1"
"756","711","1"
"685","453","1"
"472","213","1"
"1337","1041","1"
"439","755","1"
"685","101","1"
"711","850","1"
"213","308","1"
"50","82","1"
"685","1241","1"
"352","1179","1"
"1044","1326","1"
"352","308","1"
"552","1230","1"
"685","775","1"
"308","352","1"
"472","631","1"
"308","213","1"
"1334","426","1"
"754","1047","1"
"352","213","1"
"439","657","1"
"113","1312","1"
"472","1206","1"
"1282","158","1"
"578","213","1"
"1047","957","1"
"439","302","1"
"213","472","1"
"1298","1010","1"
"1282","1107","1"
"1296","1282","1"
"764","453","1"
"1281","1251","1"
"1251","228","1"
"337","475","1"
"1044","1047","1"
"1281","228","1"
"228","1251","1"
"762","1039","1"
"337","589","1"
"711","142","1"
"850","1229","1"
"1343","1243","1"
"1251","1281","1"
"711","55","1"
"352","957","1"
"892","1201","1"
"439","82","1"
"711","325","1"
"1298","1281","1"
"439","1007","1"
"711","362","1"
"1298","940","1"
"892","52","1"
"762","148","1"
"711","337","1"
"228","1281","1"
"138","892","1"
"892","754","1"
"711","400","1"
"1149","957","1"
"1201","1047","1"
"711","456","1"
"1312","267","1"
"101","1312","1"
"711","74","1"
"1312","850","1"
"115","747","1"
"1047","637","1"
"101","1081","1"
"1298","892","1"
"711","322","1"
"115","90","1"
"101","685","1"
"1047","1044","1"
"342","7","1"
"1047","1201","1"
"1312","711","1"
"352","914","1"
"267","1039","1"
"1047","754","1"
"509","57","1"
"439","964","1"
"1312","306","1"
"1047","925","1"
"1039","762","1"
"711","267","1"
"352","775","1"
"439","748","1"
"1312","148","1"
"685","1346","1"
"711","57","1"
"1201","1041","1"
"352","973","1"
"509","1152","1"
"503","957","1"
"1312","1039","1"
"685","1305","1"
"964","1346","1"
"711","1312","1"
"1201","148","1"
"267","1312","1"
"439","46","1"
"263","1183","1"
"352","1149","1"
"711","762","1"
"964","1305","1"
"1072","711","1"
"711","1201","1"
"1219","756","1"
"631","472","1"
"1201","1186","1"
"390","899","1"
"439","869","1"
"509","334","1"
"1346","1047","1"
"390","755","1"
"1092","50","1"
"509","7","1"
"352","1126","1"
"892","1305","1"
"957","352","1"
"957","1149","1"
"390","1272","1"
"390","1238","1"
"1041","1333","1"
"1356","250","1"
"631","1210","1"
"1308","1047","1"
"509","110","1"
"1041","1337","1"
"1346","964","1"
"552","1282","1"
"1346","685","1"
"850","1312","1"
"631","899","1"
"468","1275","1"
"1325","700","1"
"1312","57","1"
"685","1047","1"
"1092","711","1"
"1047","1346","1"
"57","1312","1"
"468","642","1"
"390","1075","1"
"711","1072","1"
"1047","1308","1"
"765","1047","1"
"1281","642","1"
"1149","352","1"
"1275","1047","1"
"1356","308","1"
"1047","685","1"
"711","1072","1"
"711","1072","1"
"509","299","1"
"642","1047","1"
"631","259","1"
"468","364","1"
"685","1337","1"
"509","1039","1"
"685","1041","1"
"791","1179","1"
"812","898","1"
"1081","7","1"
"775","1255","1"
"1047","765","1"
"509","1312","1"
"1047","1275","1"
"775","685","1"
"148","1312","1"
"1149","213","1"
"775","352","1"
"1282","455","1"
"1312","102","1"
"509","386","1"
"1232","1028","1"
"267","642","1"
"957","1346","1"
"1339","1201","1"
"411","250","1"
"509","196","1"
"1075","390","1"
"509","825","1"
"812","839","1"
"791","1047","1"
"1047","642","1"
"364","1047","1"
"214","213","1"
"1250","1214","1"
"509","101","1"
"1302","1305","1"
"1214","1047","1"
"957","1201","1"
"213","250","1"
"850","585","1"
"1346","957","1"
"752","138","1"
"752","138","1"
"509","111","1"
"263","1346","1"
"1255","1346","1"
"347","308","1"
"1214","752","1"
"1308","1337","1"
"1250","1308","1"
"1326","1047","1"
"1072","183","1"
"1250","1275","1"
"747","1033","1"
"347","1346","1"
"1343","138","1"
"509","312","1"
"775","1346","1"
"892","138","1"
"295","755","1"
"1007","52","1"
"825","642","1"
"1343","1201","1"
"1255","23","1"
"1299","1179","1"
"825","509","1"
"1346","775","1"
"1047","364","1"
"1308","1041","1"
"509","276","1"
"1039","1312","1"
"695","642","1"
"364","23","1"
"1343","1179","1"
"904","657","1"
"1155","1179","1"
"1072","599","1"
"1251","642","1"
"426","1334","1"
"1293","1179","1"
"101","509","1"
"1033","1306","1"
"695","1281","1"
"1072","102","1"
"1346","263","1"
"1308","1224","1"
"641","1346","1"
"1251","695","1"
"1047","1214","1"
"1072","822","1"
"695","228","1"
"45","7","1"
"281","619","1"
"1325","1179","1"
"347","23","1"
"364","7","1"
"1072","895","1"
"352","1361","1"
"695","1251","1"
"1072","196","1"
"1210","631","1"
"1072","196","1"
"892","752","1"
"1072","897","1"
"685","1251","1"
"148","850","1"
"641","1299","1"
"1072","597","1"
"752","892","1"
"509","320","1"
"752","1214","1"
"1072","597","1"
"752","1214","1"
"1361","23","1"
"1033","747","1"
"1072","316","1"
"1327","78","1"
"1291","139","1"
"685","695","1"
"1346","347","1"
"148","762","1"
"1182","1299","1"
"1201","1327","1"
"509","352","1"
"148","1201","1"
"1072","737","1"
"1361","347","1"
"509","439","1"
"1072","759","1"
"711","1047","1"
"167","82","1"
"1327","1201","1"
"216","635","1"
"216","635","1"
"509","1102","1"
"1201","892","1"
"167","514","1"
"641","1362","1"
"167","830","1"
"1043","650","1"
"1214","267","1"
"752","6","1"
"167","382","1"
"216","514","1"
"214","1362","1"
"1043","1144","1"
"1327","1362","1"
"364","1361","1"
"1361","1346","1"
"1353","1362","1"
"641","78","1"
"137","23","1"
"1344","57","1"
"1072","530","1"
"1235","1230","1"
"281","395","1"
"711","7","1"
"1214","1374","1"
"892","1374","1"
"978","426","1"
"711","3","1"
"711","9","1"
"711","1","1"
"509","640","1"
"711","11","1"
"232","711","1"
"68","23","1"
"711","17","1"
"509","622","1"
"1327","314","1"
"711","20","1"
"892","695","1"
"641","1327","1"
"509","642","1"
"1374","1214","1"
"711","23","1"
"1374","892","1"
"711","25","1"
"1072","232","1"
"1312","509","1"
"711","26","1"
"1047","711","1"
"1327","1374","1"
"1161","599","1"
"991","1327","1"
"228","695","1"
"906","232","1"
"1312","762","1"
"762","1104","1"
"668","762","1"
"991","1372","1"
"695","1047","1"
"1327","1372","1"
"1282","47","1"
"711","39","1"
"668","1104","1"
"1047","695","1"
"641","1201","1"
"711","8","1"
"1265","1047","1"
"1161","232","1"
"755","1162","1"
"711","121","1"
"711","191","1"
"1327","641","1"
"1380","1372","1"
"1214","754","1"
"711","334","1"
"1327","991","1"
"468","1372","1"
"1107","892","1"
"1214","52","1"
"1380","314","1"
"426","978","1"
"892","1047","1"
"468","1380","1"
"850","762","1"
"1380","1374","1"
"850","1104","1"
"1214","892","1"
"1314","1047","1"
"82","1047","1"
"1047","892","1"
"1214","138","1"
"1047","82","1"
"468","1119","1"
"641","314","1"
"1047","1314","1"
"1380","1201","1"
"1161","1374","1"
"314","1327","1"
"1047","1265","1"
"1327","1380","1"
"78","1327","1"
"78","641","1"
"509","209","1"
"1380","641","1"
"718","1075","1"
"509","362","1"
"260","23","1"
"1380","1299","1"
"1362","641","1"
"641","1372","1"
"509","161","1"
"754","47","1"
"314","641","1"
"1291","1306","1"
"1380","1308","1"
"1362","214","1"
"509","417","1"
"1393","1306","1"
"281","1056","1"
"1362","1327","1"
"641","1380","1"
"1161","183","1"
"892","1107","1"
"1362","1353","1"
"78","756","1"
"509","337","1"
"892","1214","1"
"509","676","1"
"1161","711","1"
"1348","50","1"
"314","1380","1"
"1374","1327","1"
"1374","1327","1"
"1374","1327","1"
"509","150","1"
"509","158","1"
"1374","1380","1"
"641","991","1"
"509","589","1"
"1348","1178","1"
"1072","906","1"
"1348","1137","1"
"641","1337","1"
"509","350","1"
"356","7","1"
"1314","1302","1"
"103","7","1"
"81","1119","1"
"755","390","1"
"711","1380","1"
"1314","3","1"
"1161","314","1"
"449","1327","1"
"439","1325","1"
"1327","711","1"
"1379","1314","1"
"1393","1033","1"
"641","711","1"
"711","78","1"
"82","472","1"
"1376","3","1"
"1393","755","1"
"23","1361","1"
"232","276","1"
"991","1051","1"
"1390","1380","1"
"700","1325","1"
"1161","1380","1"
"1327","449","1"
"286","173","1"
"991","439","1"
"1390","1372","1"
"232","1072","1"
"68","1047","1"
"286","568","1"
"869","1393","1"
"641","1230","1"
"869","1306","1"
"1314","1379","1"
"755","1393","1"
"869","1033","1"
"1047","68","1"
"711","164","1"
"869","755","1"
"869","800","1"
"1390","1327","1"
"910","1179","1"
"1327","1299","1"
"641","1177","1"
"869","154","1"
"1340","1327","1"
"112","101","1"
"1282","1325","1"
"101","1391","1"
"1327","1346","1"
"641","756","1"
"1107","1372","1"
"1327","1308","1"
"1107","314","1"
"335","101","1"
"1390","101","1"
"1325","650","1"
"641","1041","1"
"1325","439","1"
"991","641","1"
"1340","711","1"
"81","1318","1"
"641","215","1"
"1327","1337","1"
"1327","1337","1"
"1229","1047","1"
"281","101","1"
"468","47","1"
"991","1302","1"
"657","711","1"
"1327","756","1"
"449","752","1"
"1107","1308","1"
"641","573","1"
"81","504","1"
"1327","1177","1"
"81","306","1"
"305","68","1"
"1107","641","1"
"1047","1229","1"
"1400","1361","1"
"1107","1327","1"
"449","892","1"
"657","101","1"
"1107","1201","1"
"1370","396","1"
"281","1318","1"
"869","1361","1"
"1400","23","1"
"1370","426","1"
"352","47","1"
"1302","991","1"
"183","568","1"
"1041","685","1"
"850","1391","1"
"1041","1308","1"
"1400","347","1"
"1400","347","1"
"1327","1041","1"
"1201","436","1"
"1041","641","1"
"1306","1393","1"
"396","1370","1"
"1041","1327","1"
"850","112","1"
"1400","1346","1"
"81","1029","1"
"449","1325","1"
"1327","1224","1"
"81","436","1"
"468","1029","1"
"1400","308","1"
"1325","991","1"
"1327","653","1"
"1325","1302","1"
"1302","1325","1"
"657","1308","1"
"468","1325","1"
"1325","1119","1"
"1400","213","1"
"1325","1029","1"
"1019","3","1"
"1327","1235","1"
"1400","957","1"
"1029","449","1"
"468","711","1"
"1029","81","1"
"1029","468","1"
"1029","1325","1"
"1400","914","1"
"468","991","1"
"112","711","1"
"1306","214","1"
"1400","775","1"
"1327","436","1"
"1400","973","1"
"112","1391","1"
"1327","1107","1"
"468","1227","1"
"1400","1149","1"
"68","1201","1"
"183","1072","1"
"1400","327","1"
"101","112","1"
"991","1325","1"
"892","449","1"
"1214","711","1"
"46","138","1"
"991","892","1"
"112","1104","1"
"112","762","1"
"1189","1325","1"
"577","447","1"
"1019","711","1"
"364","232","1"
"737","1047","1"
"112","1312","1"
"711","1325","1"
"276","47","1"
"112","267","1"
"817","711","1"
"352","1325","1"
"753","57","1"
"23","1399","1"
"1255","1047","1"
"753","619","1"
"1325","1243","1"
"640","509","1"
"1325","1343","1"
"753","1344","1"
"46","1399","1"
"1325","711","1"
"1399","23","1"
"158","1399","1"
"112","148","1"
"1325","1280","1"
"1399","158","1"
"1255","436","1"
"1379","1047","1"
"240","1302","1"
"112","306","1"
"1399","46","1"
"892","991","1"
"668","112","1"
"276","316","1"
"1318","81","1"
"1318","281","1"
"817","371","1"
"850","371","1"
"711","1327","1"
"1411","711","1"
"825","1399","1"
"371","817","1"
"817","112","1"
"112","371","1"
"69","1047","1"
"668","817","1"
"711","641","1"
"817","1391","1"
"112","817","1"
"711","436","1"
"288","7","1"
"1399","1411","1"
"619","281","1"
"1306","755","1"
"1399","711","1"
"1204","1370","1"
"122","1047","1"
"619","753","1"
"817","101","1"
"1128","619","1"
"314","1107","1"
"1041","619","1"
"1399","220","1"
"619","892","1"
"903","1047","1"
"1041","892","1"
"755","869","1"
"1128","892","1"
"93","892","1"
"637","619","1"
"1128","1399","1"
"93","619","1"
"107","892","1"
"637","892","1"
"93","78","1"
"755","1306","1"
"679","1399","1"
"1128","436","1"
"867","892","1"
"1024","892","1"
"619","1128","1"
"711","1399","1"
"95","619","1"
"668","711","1"
"892","619","1"
"619","1041","1"
"711","1411","1"
"668","711","1"
"619","637","1"
"892","1041","1"
"619","93","1"
"892","867","1"
"711","817","1"
"619","95","1"
"577","1041","1"
"892","637","1"
"711","232","1"
"892","107","1"
"1024","619","1"
"81","47","1"
"657","619","1"
"892","1128","1"
"93","991","1"
"650","1043","1"
"892","93","1"
"657","78","1"
"650","1325","1"
"619","991","1"
"577","892","1"
"1418","214","1"
"148","112","1"
"1104","472","1"
"568","220","1"
"1343","1325","1"
"1104","762","1"
"152","892","1"
"892","577","1"
"577","991","1"
"1104","112","1"
"892","152","1"
"1412","620","1"
"1422","93","1"
"271","1179","1"
"1413","314","1"
"1422","991","1"
"1390","892","1"
"1422","892","1"
"271","1178","1"
"1422","619","1"
"545","93","1"
"271","7","1"
"270","1168","1"
"1422","371","1"
"1422","101","1"
"52","901","1"
"52","764","1"
"52","964","1"
"1422","1372","1"
"1168","270","1"
"52","568","1"
"619","657","1"
"52","892","1"
"1390","3","1"
"650","695","1"
"1168","280","1"
"1168","475","1"
"1168","481","1"
"183","577","1"
"270","577","1"
"1306","1047","1"
"1343","1399","1"
"547","7","1"
"578","382","1"
"578","382","1"
"1428","577","1"
"620","674","1"
"620","1412","1"
"752","449","1"
"1418","1344","1"
"577","183","1"
"481","1138","1"
"650","568","1"
"962","1399","1"
"577","270","1"
"864","1138","1"
"577","1428","1"
"270","863","1"
"1418","57","1"
"1393","1047","1"
"138","752","1"
"867","1390","1"
"138","1343","1"
"138","1214","1"
"138","46","1"
"650","1412","1"
"1390","867","1"
"545","421","1"
"991","577","1"
"314","1413","1"
"991","619","1"
"481","964","1"
"977","1179","1"
"481","312","1"
"1390","1339","1"
"481","802","1"
"481","1168","1"
"1339","1390","1"
"1422","1339","1"
"312","138","1"
"946","892","1"
"270","715","1"
"120","619","1"
"312","261","1"
"892","1390","1"
"892","946","1"
"1075","718","1"
"371","112","1"
"339","153","1"
"339","514","1"
"1161","619","1"
"1186","1390","1"
"261","1050","1"
"1275","1250","1"
"1051","653","1"
"261","312","1"
"1275","468","1"
"867","619","1"
"1149","1179","1"
"619","120","1"
"702","892","1"
"702","711","1"
"702","619","1"
"946","1339","1"
"548","1339","1"
"220","568","1"
"619","867","1"
"220","1399","1"
"220","172","1"
"220","1037","1"
"220","189","1"
"1138","481","1"
"1138","864","1"
"946","220","1"
"1429","1160","1"
"155","817","1"
"155","371","1"
"155","112","1"
"155","1391","1"
"946","1390","1"
"946","1227","1"
"244","588","1"
"946","1325","1"
"946","1282","1"
"1440","363","1"
"1440","1237","1"
"1160","1429","1"
"746","1137","1"
"1183","1399","1"
"1339","946","1"
"1440","577","1"
"1440","261","1"
"1440","271","1"
"1440","1104","1"
"1041","577","1"
"1432","1434","1"
"946","1302","1"
"1432","152","1"
"946","991","1"
"1432","577","1"
"1432","220","1"
"1432","991","1"
"1414","1047","1"
"405","1229","1"
"316","1043","1"
"316","711","1"
"316","1183","1"
"405","711","1"
"383","1291","1"
"316","1183","1"
"946","1160","1"
"1429","1152","1"
"946","1291","1"
"405","720","1"
"1414","1160","1"
"316","1072","1"
"946","1414","1"
"316","276","1"
"1062","1160","1"
"405","101","1"
"1414","715","1"
"1429","1235","1"
"946","1428","1"
"1440","1361","1"
"850","383","1"
"946","1439","1"
"1252","1047","1"
"806","1435","1"
"850","971","1"
"1440","1439","1"
"1440","1160","1"
"850","1428","1"
"1440","383","1"
"1161","1327","1"
"1249","428","1"
"1440","1291","1"
"850","1138","1"
"1429","1047","1"
"850","568","1"
"850","1412","1"
"850","577","1"
"405","148","1"
"529","1434","1"
"850","1394","1"
"850","1255","1"
"148","405","1"
"850","1047","1"
"257","817","1"
"850","1318","1"
"1386","7","1"
"405","57","1"
"257","711","1"
"850","892","1"
"405","1312","1"
"148","257","1"
"257","101","1"
"850","1280","1"
"835","1411","1"
"1370","1429","1"
"587","220","1"
"383","1047","1"
"850","257","1"
"405","267","1"
"587","82","1"
"1047","1286","1"
"1286","1047","1"
"835","991","1"
"1047","383","1"
"1047","1429","1"
"1047","1414","1"
"1449","93","1"
"1047","1255","1"
"1047","1379","1"
"1047","1393","1"
"257","1455","1"
"1047","1306","1"
"1462","142","1"
"1449","1237","1"
"891","1399","1"
"457","152","1"
"1047","903","1"
"1047","69","1"
"1449","892","1"
"257","1047","1"
"1449","101","1"
"1449","711","1"
"1443","359","1"
"1468","3","1"
"1047","257","1"
"1368","1047","1"
"861","1429","1"
"1442","1047","1"
"1416","1047","1"
"1339","1343","1"
"1449","1362","1"
"1047","1416","1"
"1339","1399","1"
"1435","806","1"
"46","1237","1"
"266","436","1"
"1047","1368","1"
"1333","47","1"
"1149","1400","1"
"514","257","1"
"767","1453","1"
"1428","946","1"
"1463","1416","1"
"93","1368","1"
"486","453","1"
"1429","1370","1"
"1429","861","1"
"1473","251","1"
"1455","257","1"
"1473","142","1"
"1033","1047","1"
"1473","148","1"
"1429","1033","1"
"1033","1429","1"
"1280","1325","1"
"1473","47","1"
"752","1128","1"
"1368","93","1"
"1337","1327","1"
"1463","1047","1"
"1337","641","1"
"107","7","1"
"1312","112","1"
"1339","47","1"
"1312","405","1"
"545","637","1"
"261","1075","1"
"545","119","1"
"281","112","1"
"1047","1033","1"
"641","113","1"
"802","1145","1"
"869","1429","1"
"1455","1047","1"
"1127","1441","1"
"301","768","1"
"641","1368","1"
"144","7","1"
"107","168","1"
"867","47","1"
"107","167","1"
"1218","1145","1"
"1429","869","1"
"379","1047","1"
"1427","1075","1"
"379","1306","1"
"1406","1429","1"
"1168","1047","1"
"1145","1047","1"
"548","1306","1"
"93","1047","1"
"281","148","1"
"113","1047","1"
"1047","1168","1"
"1047","93","1"
"1047","113","1"
"1047","1145","1"
"354","117","1"
"1047","379","1"
"1047","1455","1"
"1455","1386","1"
"605","1386","1"
"486","957","1"
"1455","113","1"
"1366","1429","1"
"1075","261","1"
"1075","1427","1"
"152","457","1"
"1339","1453","1"
"152","1432","1"
"1463","1386","1"
"886","1339","1"
"711","1333","1"
"261","1339","1"
"1477","1327","1"
"1339","886","1"
"1047","737","1"
"1368","641","1"
"413","910","1"
"1012","1047","1"
"413","910","1"
"413","806","1"
"1047","1012","1"
"1333","711","1"
"1339","1047","1"
"413","1194","1"
"727","1339","1"
"1333","1339","1"
"413","306","1"
"545","711","1"
"113","1455","1"
"413","1039","1"
"113","641","1"
"316","7","1"
"1491","1047","1"
"1270","1047","1"
"1483","1203","1"
"312","1466","1"
"241","1443","1"
"1491","1270","1"
"206","244","1"
"1047","1270","1"
"1491","140","1"
"1047","1491","1"
"741","1047","1"
"577","1047","1"
"1047","1339","1"
"1483","1075","1"
"184","1453","1"
"1047","577","1"
"1396","1047","1"
"1483","1435","1"
"1047","1396","1"
"1483","1399","1"
"1491","1339","1"
"1427","991","1"
"1427","991","1"
"413","812","1"
"1491","1403","1"
"1370","1179","1"
"1370","1179","1"
"1491","890","1"
"890","1047","1"
"752","1339","1"
"752","1339","1"
"1047","890","1"
"1491","591","1"
"890","956","1"
"890","1491","1"
"184","396","1"
"1047","1349","1"
"1349","1047","1"
"503","101","1"
"890","353","1"
"353","1047","1"
"1480","1466","1"
"890","591","1"
"890","1270","1"
"1480","991","1"
"752","577","1"
"244","1047","1"
"1047","1451","1"
"1218","23","1"
"1441","1047","1"
"1491","353","1"
"591","711","1"
"183","529","1"
"591","554","1"
"1047","244","1"
"1491","244","1"
"591","1155","1"
"591","62","1"
"1218","892","1"
"1397","353","1"
"591","472","1"
"591","1491","1"
"1466","312","1"
"591","890","1"
"244","206","1"
"244","1491","1"
"1339","1333","1"
"353","1491","1"
"113","286","1"
"1397","286","1"
"353","890","1"
"1429","1406","1"
"1396","991","1"
"1403","1047","1"
"286","1047","1"
"1143","1047","1"
"1403","1491","1"
"1218","152","1"
"1519","1332","1"
"140","1047","1"
"140","1047","1"
"1206","7","1"
"591","1047","1"
"1047","353","1"
"1384","768","1"
"468","1399","1"
"286","113","1"
"468","640","1"
"1047","591","1"
"47","591","1"
"1047","1403","1"
"468","619","1"
"468","371","1"
"1047","140","1"
"1438","933","1"
"468","78","1"
"802","1508","1"
"1438","890","1"
"1485","359","1"
"299","1039","1"
"47","754","1"
"299","509","1"
"468","261","1"
"1438","1518","1"
"754","1521","1"
"1188","1277","1"
"783","989","1"
"1403","1518","1"
"1518","1047","1"
"475","1403","1"
"1438","1403","1"
"1508","1047","1"
"154","1047","1"
"309","46","1"
"309","1007","1"
"309","711","1"
"309","1043","1"
"309","1144","1"
"1188","1521","1"
"1518","1403","1"
"87","1403","1"
"1514","3","1"
"1438","1508","1"
"1384","206","1"
"1188","1466","1"
"1384","244","1"
"47","87","1"
"752","670","1"
"1188","898","1"
"1168","670","1"
"1448","244","1"
"1510","670","1"
"1448","206","1"
"669","206","1"
"47","439","1"
"87","47","1"
"670","691","1"
"321","550","1"
"1525","1485","1"
"74","384","1"
"1497","768","1"
"1451","1047","1"
"87","1525","1"
"1497","623","1"
"503","309","1"
"180","309","1"
"1005","881","1"
"577","1432","1"
"1533","101","1"
"144","1318","1"
"1390","1525","1"
"152","1047","1"
"577","752","1"
"652","309","1"
"179","309","1"
"148","281","1"
"884","768","1"
"600","1385","1"
"309","652","1"
"309","179","1"
"309","503","1"
"206","1448","1"
"722","472","1"
"722","554","1"
"1524","1385","1"
"894","220","1"
"1525","152","1"
"890","652","1"
"1525","1521","1"
"1092","652","1"
"890","1457","1"
"890","1349","1"
"152","1525","1"
"148","1536","1"
"152","1218","1"
"180","244","1"
"1209","503","1"
"1209","82","1"
"1237","46","1"
"884","1532","1"
"115","439","1"
"1081","1385","1"
"1535","577","1"
"1536","148","1"
"884","1532","1"
"87","1062","1"
"1400","1524","1"
"1532","884","1"
"1480","1363","1"
"179","702","1"
"1068","3","1"
"1298","1051","1"
"652","890","1"
"652","1092","1"
"179","892","1"
"101","503","1"
"1033","1085","1"
"503","722","1"
"827","244","1"
"722","503","1"
"900","820","1"
"900","901","1"
"665","47","1"
"900","165","1"
"900","82","1"
"107","353","1"
"1550","1510","1"
"722","1510","1"
"250","756","1"
"665","1524","1"
"722","1244","1"
"722","817","1"
"722","817","1"
"1346","1550","1"
"607","7","1"
"1339","261","1"
"115","7","1"
"196","1062","1"
"455","1062","1"
"711","1028","1"
"711","426","1"
"711","201","1"
"711","726","1"
"711","767","1"
"711","287","1"
"711","1043","1"
"711","487","1"
"711","863","1"
"711","1224","1"
"711","995","1"
"711","453","1"
"711","434","1"
"711","223","1"
"711","259","1"
"711","568","1"
"244","1448","1"
"653","1327","1"
"653","700","1"
"653","1051","1"
"1135","1179","1"
"1112","566","1"
"1112","711","1"
"1330","306","1"
"284","164","1"
"615","439","1"
"615","20","1"
"1390","1524","1"
"615","280","1"
"1514","1555","1"
"615","753","1"
"615","847","1"
"132","1047","1"
"1390","1186","1"
"615","320","1"
"1390","946","1"
"615","933","1"
"132","964","1"
"615","681","1"
"132","1036","1"
"768","884","1"
"1062","196","1"
"132","599","1"
"132","334","1"
"3","18","1"
"1062","455","1"
"3","18","1"
"3","18","1"
"241","152","1"
"1322","1569","1"
"395","281","1"
"395","602","1"
"39","711","1"
"768","1497","1"
"642","39","1"
"615","62","1"
"615","196","1"
"615","601","1"
"615","165","1"
"801","749","1"
"615","514","1"
"615","410","1"
"615","1325","1"
"1322","1555","1"
"615","869","1"
"801","1542","1"
"3","910","1"
"468","247","1"
"1322","1514","1"
"371","468","1"
"244","1577","1"
"1505","23","1"
"388","173","1"
"1514","251","1"
"801","164","1"
"468","1237","1"
"801","577","1"
"801","619","1"
"801","1176","1"
"1062","87","1"
"801","183","1"
"468","1434","1"
"247","468","1"
"801","1137","1"
"247","1577","1"
"468","529","1"
"801","1162","1"
"78","93","1"
"78","468","1"
"78","711","1"
"1088","1525","1"
"468","1435","1"
"1144","1322","1"
"1577","247","1"
"1144","247","1"
"1144","1577","1"
"1524","152","1"
"1577","244","1"
"1577","1144","1"
"152","1524","1"
"468","898","1"
"1155","39","1"
"1322","1577","1"
"1322","1577","1"
"1322","1577","1"
"1529","347","1"
"591","1554","1"
"468","1368","1"
"468","1203","1"
"591","47","1"
"468","113","1"
"453","1257","1"
"453","390","1"
"453","578","1"
"1047","152","1"
"453","685","1"
"70","801","1"
"453","764","1"
"1380","152","1"
"453","711","1"
"453","711","1"
"453","711","1"
"981","247","1"
"588","244","1"
"1497","1554","1"
"353","107","1"
"148","286","1"
"722","247","1"
"722","1536","1"
"722","1481","1"
"722","1550","1"
"722","1532","1"
"288","352","1"
"1582","140","1"
"886","1485","1"
"175","354","1"
"175","923","1"
"353","1564","1"
"1480","140","1"
"152","1380","1"
"152","241","1"
"1047","132","1"
"1374","152","1"
"1047","154","1"
"1047","1508","1"
"1047","1518","1"
"1437","1339","1"
"1047","286","1"
"1047","1441","1"
"1564","353","1"
"119","1564","1"
"59","1379","1"
"59","1314","1"
"59","1047","1"
"119","1039","1"
"119","568","1"
"59","1564","1"
"59","353","1"
"145","1127","1"
"957","1400","1"
"801","70","1"
"957","503","1"
"1590","1385","1"
"1590","1403","1"
"1590","1403","1"
"1590","1491","1"
"1590","1491","1"
"1443","241","1"
"119","1597","1"
"1334","1253","1"
"1598","1564","1"
"1594","1460","1"
"1594","247","1"
"1594","1536","1"
"152","1374","1"
"1594","1481","1"
"1594","1244","1"
"1594","1532","1"
"1594","768","1"
"160","72","1"
"1594","1406","1"
"153","1594","1"
"1536","722","1"
"213","352","1"
"1536","1594","1"
"1594","1429","1"
"213","578","1"
"213","1149","1"
"1594","1033","1"
"213","214","1"
"213","1400","1"
"1594","92","1"
"1594","139","1"
"1594","352","1"
"1594","1024","1"
"1594","153","1"
"361","90","1"
"800","869","1"
"1550","722","1"
"1550","1346","1"
"1590","858","1"
"1590","858","1"
"1368","468","1"
"263","353","1"
"360","244","1"
"360","206","1"
"1607","759","1"
"1607","39","1"
"860","7","1"
"1448","827","1"
"681","92","1"
"615","353","1"
"615","1564","1"
"615","1047","1"
"899","1041","1"
"899","1162","1"
"899","137","1"
"899","1255","1"
"91","674","1"
"899","373","1"
"827","1448","1"
"899","390","1"
"899","631","1"
"788","1550","1"
"899","1609","1"
"1465","1047","1"
"1591","179","1"
"802","529","1"
"960","59","1"
"960","39","1"
"960","1322","1"
"1033","1591","1"
"1016","283","1"
"1612","1607","1"
"1016","427","1"
"1363","1451","1"
"1612","1554","1"
"890","9","1"
"1607","1554","1"
"960","1514","1"
"1606","23","1"
"280","9","1"
"1606","7","1"
"960","652","1"
"9","280","1"
"960","1508","1"
"9","890","1"
"1564","1047","1"
"816","9","1"
"1554","1497","1"
"1554","1607","1"
"960","152","1"
"1554","591","1"
"1554","1612","1"
"1564","1036","1"
"1607","899","1"
"727","1179","1"
"1564","386","1"
"1400","1179","1"
"1373","1179","1"
"1047","1564","1"
"960","1242","1"
"1607","1612","1"
"1047","615","1"
"1564","334","1"
"9","8","1"
"1145","1218","1"
"1462","9","1"
"335","148","1"
"1047","59","1"
"39","1612","1"
"1564","119","1"
"1564","59","1"
"1564","615","1"
"1623","1618","1"
"308","9","1"
"469","1179","1"
"615","59","1"
"315","861","1"
"91","247","1"
"371","1047","1"
"1397","1179","1"
"1591","529","1"
"101","1533","1"
"865","591","1"
"101","257","1"
"890","1618","1"
"1481","1244","1"
"1481","722","1"
"1481","1594","1"
"1281","1554","1"
"1281","1612","1"
"1281","1607","1"
"1385","600","1"
"1385","1524","1"
"1385","1081","1"
"1281","39","1"
"1385","1590","1"
"1622","899","1"
"1427","1179","1"
"643","1152","1"
"1493","371","1"
"1493","1201","1"
"208","140","1"
"587","9","1"
"1493","1385","1"
"244","1493","1"
"1493","890","1"
"1493","244","1"
"820","1179","1"
"1234","899","1"
"1234","1179","1"
"897","711","1"
"897","711","1"
"897","1072","1"
"897","895","1"
"1493","577","1"
"1623","1493","1"
"1623","899","1"
"1493","1339","1"
"1623","371","1"
"1234","179","1"
"1623","861","1"
"528","165","1"
"1493","220","1"
"1623","1408","1"
"528","964","1"
"1493","1399","1"
"528","82","1"
"684","1466","1"
"1234","1237","1"
"1493","1246","1"
"1493","1029","1"
"1493","991","1"
"1493","1623","1"
"1043","711","1"
"894","751","1"
"563","1607","1"
"884","926","1"
"704","1594","1"
"165","926","1"
"1646","1466","1"
"462","1179","1"
"1281","1529","1"
"214","755","1"
"1281","9","1"
"1626","1373","1"
"1440","1179","1"
"1234","1373","1"
"97","1179","1"
"241","1491","1"
"241","1218","1"
"46","1373","1"
"1645","1117","1"
"1029","1493","1"
"1645","1373","1"
"1645","897","1"
"1645","1623","1"
"135","1653","1"
"135","97","1"
"1594","623","1"
"1594","884","1"
"1440","1529","1"
"160","1195","1"
"1661","59","1"
"1660","135","1"
"1660","1645","1"
"1660","897","1"
"1660","899","1"
"1660","1607","1"
"542","276","1"
"466","9","1"
"1463","241","1"
"542","532","1"
"1463","135","1"
"1039","1528","1"
"759","196","1"
"759","1072","1"
"759","1607","1"
"1339","1623","1"
"70","557","1"
"1152","472","1"
"1152","509","1"
"1152","1429","1"
"1152","1429","1"
"1152","643","1"
"135","1660","1"
"135","1506","1"
"1506","135","1"
"820","97","1"
"820","862","1"
"820","867","1"
"820","514","1"
"820","1007","1"
"9","1281","1"
"9","466","1"
"189","568","1"
"160","820","1"
"1334","455","1"
"319","1423","1"
"1493","1179","1"
"847","1179","1"
"1506","1660","1"
"568","989","1"
"1349","890","1"
"1660","1506","1"
"1642","1179","1"
"583","991","1"
"1334","751","1"
"1334","751","1"
"423","291","1"
"423","344","1"
"423","1060","1"
"850","1435","1"
"583","23","1"
"374","3","1"
"1669","899","1"
"753","860","1"
"388","720","1"
"1203","468","1"
"1203","1483","1"
"388","101","1"
"388","57","1"
"1385","1493","1"
"939","991","1"
"160","860","1"
"884","1676","1"
"858","1179","1"
"727","890","1"
"727","1491","1"
"1676","884","1"
"1126","308","1"
"188","428","1"
"188","57","1"
"188","1039","1"
"1676","768","1"
"1623","1645","1"
"1623","1339","1"
"899","1607","1"
"899","1660","1"
"899","1669","1"
"899","1623","1"
"899","1622","1"
"899","1234","1"
"1447","953","1"
"1447","651","1"
"1447","528","1"
"1447","867","1"
"286","148","1"
"125","7","1"
"1126","352","1"
"1126","1269","1"
"1126","1196","1"
"1126","1255","1"
"1126","137","1"
"168","1179","1"
"1667","1528","1"
"1667","355","1"
"814","514","1"
"1667","722","1"
"1667","899","1"
"1667","861","1"
"410","1704","1"
"1506","1667","1"
"388","1642","1"
"1667","1564","1"
"1695","1423","1"
"1667","1506","1"
"54","250","1"
"1695","1429","1"
"1695","1160","1"
"1695","1235","1"
"1386","605","1"
"1386","1463","1"
"1386","1455","1"
"722","814","1"
"59","814","1"
"430","814","1"
"1322","1047","1"
"1322","1047","1"
"1322","1047","1"
"1322","1047","1"
"1322","1047","1"
"1322","1047","1"
"1322","1047","1"
"1322","1047","1"
"814","722","1"
"814","59","1"
"814","430","1"
"1092","814","1"
"814","1092","1"
"1140","9","1"
"54","755","1"
"1660","814","1"
"1230","1235","1"
"1230","641","1"
"71","1704","1"
"54","764","1"
"814","1660","1"
"557","70","1"
"1117","1645","1"
"1322","1144","1"
"1718","898","1"
"1718","138","1"
"1703","138","1"
"353","138","1"
"1117","1704","1"
"1575","47","1"
"354","861","1"
"354","861","1"
"1117","138","1"
"218","138","1"
"827","413","1"
"354","443","1"
"1635","3","1"
"488","530","1"
"1642","530","1"
"135","1704","1"
"135","138","1"
"1718","1704","1"
"539","1704","1"
"354","602","1"
"223","711","1"
"643","1704","1"
"1380","1327","1"
"156","200","1"
"360","950","1"
"156","1399","1"
"156","138","1"
"156","3","1"
"156","160","1"
"156","241","1"
"1675","138","1"
"156","1075","1"
"156","1385","1"
"1675","950","1"
"156","389","1"
"1480","1324","1"
"1480","1324","1"
"156","1667","1"
"156","1564","1"
"156","1555","1"
"156","1237","1"
"942","946","1"
"942","1039","1"
"475","1168","1"
"1653","135","1"
"755","214","1"
"755","54","1"
"1103","950","1"
"1423","319","1"
"46","1721","1"
"46","1324","1"
"1690","1308","1"
"353","59","1"
"353","615","1"
"1529","1374","1"
"353","263","1"
"1690","1594","1"
"802","1709","1"
"113","1386","1"
"113","530","1"
"1529","1690","1"
"1709","802","1"
"1529","1709","1"
"936","305","1"
"936","964","1"
"1690","1529","1"
"503","1529","1"
"1709","1529","1"
"991","443","1"
"1050","1386","1"
"1182","1529","1"
"969","125","1"
"1732","991","1"
"1690","991","1"
"113","1529","1"
"113","991","1"
"1732","1324","1"
"1050","991","1"
"1732","827","1"
"1050","1690","1"
"1732","354","1"
"1050","1529","1"
"1622","92","1"
"1732","950","1"
"1622","991","1"
"1690","1050","1"
"1622","1529","1"
"1622","1690","1"
"1622","1709","1"
"1732","1642","1"
"1690","1732","1"
"1622","9","1"
"1690","1622","1"
"1270","309","1"
"1529","1324","1"
"1622","59","1"
"1351","125","1"
"1206","472","1"
"1529","354","1"
"1505","347","1"
"1709","1622","1"
"1743","1660","1"
"1529","827","1"
"1215","814","1"
"1743","135","1"
"1660","1743","1"
"1743","1506","1"
"1743","899","1"
"1743","814","1"
"1050","1732","1"
"1050","1622","1"
"1690","1660","1"
"1529","991","1"
"1732","892","1"
"1732","138","1"
"1660","1529","1"
"1607","1660","1"
"1660","1690","1"
"1669","1660","1"
"814","1215","1"
"631","1215","1"
"814","1743","1"
"1397","354","1"
"1669","250","1"
"1660","1669","1"
"1669","54","1"
"1215","631","1"
"1669","1607","1"
"1669","472","1"
"1427","354","1"
"423","1529","1"
"1427","1324","1"
"869","1529","1"
"1427","1529","1"
"869","1732","1"
"353","1660","1"
"869","991","1"
"869","991","1"
"1660","991","1"
"657","1743","1"
"530","113","1"
"353","991","1"
"1660","1732","1"
"991","1529","1"
"1660","1324","1"
"991","1732","1"
"1690","1743","1"
"353","1732","1"
"601","860","1"
"1506","1386","1"
"991","869","1"
"991","1660","1"
"1506","1743","1"
"991","353","1"
"138","312","1"
"1660","1215","1"
"138","1718","1"
"138","1703","1"
"353","1529","1"
"1648","354","1"
"138","353","1"
"138","1117","1"
"1648","117","1"
"1215","1660","1"
"1648","602","1"
"138","218","1"
"1660","1215","1"
"1648","737","1"
"138","135","1"
"1648","175","1"
"138","156","1"
"1648","1732","1"
"1660","353","1"
"1097","814","1"
"54","1097","1"
"1648","1529","1"
"138","1732","1"
"1743","657","1"
"335","1097","1"
"1097","1660","1"
"1506","138","1"
"1097","899","1"
"119","59","1"
"1743","1690","1"
"119","615","1"
"119","1667","1"
"914","139","1"
"1660","1097","1"
"814","1732","1"
"914","1400","1"
"914","137","1"
"1397","140","1"
"119","386","1"
"1097","1155","1"
"119","334","1"
"1097","54","1"
"1097","335","1"
"1097","335","1"
"1097","335","1"
"302","814","1"
"119","722","1"
"119","1506","1"
"1751","1324","1"
"1751","827","1"
"669","546","1"
"669","546","1"
"458","669","1"
"503","1660","1"
"1194","669","1"
"1669","1097","1"
"508","100","1"
"669","1194","1"
"1270","890","1"
"1270","1491","1"
"458","1194","1"
"458","1194","1"
"1029","138","1"
"1185","1097","1"
"54","1669","1"
"1528","1039","1"
"1528","1667","1"
"100","508","1"
"1747","152","1"
"152","1747","1"
"100","1097","1"
"306","125","1"
"100","152","1"
"811","1733","1"
"1660","503","1"
"982","669","1"
"1481","1660","1"
"982","1194","1"
"982","360","1"
"1660","1185","1"
"1607","54","1"
"1194","360","1"
"1607","1669","1"
"546","669","1"
"982","546","1"
"546","1194","1"
"546","1194","1"
"1194","458","1"
"1194","546","1"
"891","152","1"
"546","360","1"
"916","135","1"
"1448","656","1"
"916","926","1"
"546","827","1"
"1194","656","1"
"916","59","1"
"982","656","1"
"916","1385","1"
"891","1743","1"
"916","1041","1"
"546","1448","1"
"1762","308","1"
"1139","162","1"
"916","1201","1"
"656","1194","1"
"916","158","1"
"1246","1709","1"
"1246","1732","1"
"791","138","1"
"121","164","1"
"121","434","1"
"188","152","1"
"121","1043","1"
"188","152","1"
"1246","1690","1"
"121","711","1"
"1667","156","1"
"1667","119","1"
"1246","1529","1"
"1246","92","1"
"1246","1660","1"
"188","1743","1"
"1246","1743","1"
"188","1660","1"
"1246","100","1"
"916","1142","1"
"546","656","1"
"625","519","1"
"625","344","1"
"1690","1246","1"
"1623","1615","1"
"1658","904","1"
"1623","724","1"
"814","1097","1"
"814","302","1"
"1623","1667","1"
"1623","1385","1"
"1658","1045","1"
"1658","223","1"
"1658","1142","1"
"54","1142","1"
"100","1690","1"
"412","1246","1"
"619","1024","1"
"412","1690","1"
"619","468","1"
"619","801","1"
"412","1747","1"
"412","152","1"
"412","1097","1"
"412","100","1"
"412","1743","1"
"412","1660","1"
"412","92","1"
"412","991","1"
"412","1529","1"
"412","1642","1"
"1750","858","1"
"59","615","1"
"59","1661","1"
"59","1622","1"
"59","119","1"
"59","916","1"
"1709","1246","1"
"651","347","1"
"651","818","1"
"651","165","1"
"651","82","1"
"651","1447","1"
"1615","514","1"
"827","1732","1"
"827","1529","1"
"827","546","1"
"1783","958","1"
"388","138","1"
"895","1183","1"
"330","486","1"
"726","1081","1"
"726","82","1"
"726","711","1"
"276","509","1"
"330","210","1"
"651","1429","1"
"651","1306","1"
"651","154","1"
"651","1135","1"
"651","869","1"
"651","214","1"
"651","1047","1"
"651","139","1"
"651","959","1"
"651","933","1"
"651","175","1"
"651","825","1"
"651","800","1"
"651","1406","1"
"1308","1380","1"
"1308","1250","1"
"386","1564","1"
"1308","1327","1"
"1308","1107","1"
"1308","657","1"
"1308","1690","1"
"534","1142","1"
"142","1765","1"
"571","534","1"
"1765","142","1"
"388","1308","1"
"356","3","1"
"356","3","1"
"356","1","1"
"1504","722","1"
"1504","1506","1"
"1371","1765","1"
"1504","1667","1"
"356","100","1"
"1174","388","1"
"276","138","1"
"1700","1186","1"
"1700","1366","1"
"356","46","1"
"388","1792","1"
"388","1174","1"
"591","865","1"
"1765","1371","1"
"1765","1371","1"
"765","1246","1"
"388","1366","1"
"1772","1765","1"
"1799","1021","1"
"1700","1772","1"
"1772","1700","1"
"1640","1142","1"
"1801","1179","1"
"1806","1772","1"
"1700","596","1"
"632","1700","1"
"632","1803","1"
"1640","1732","1"
"674","7","1"
"1385","156","1"
"1385","916","1"
"1385","1623","1"
"163","653","1"
"1772","596","1"
"1640","1690","1"
"1806","1510","1"
"163","138","1"
"879","1803","1"
"879","632","1"
"879","1772","1"
"1808","1792","1"
"1808","1308","1"
"632","879","1"
"1807","135","1"
"1807","1594","1"
"1807","247","1"
"1807","1653","1"
"1807","1142","1"
"1807","138","1"
"1807","138","1"
"1807","1179","1"
"1806","1186","1"
"1793","534","1"
"1793","534","1"
"348","1050","1"
"1660","1481","1"
"1660","188","1"
"1660","412","1"
"1660","1246","1"
"718","1618","1"
"1640","1772","1"
"1640","1818","1"
"1135","643","1"
"331","1237","1"
"724","1623","1"
"497","117","1"
"497","783","1"
"1836","3","1"
"325","511","1"
"325","711","1"
"325","115","1"
"1839","1834","1"
"471","1142","1"
"97","135","1"
"97","820","1"
"97","820","1"
"390","1179","1"
"390","1201","1"
"390","1346","1"
"390","1275","1"
"390","1385","1"
"152","412","1"
"152","188","1"
"152","891","1"
"152","100","1"
"715","270","1"
"715","1414","1"
"660","142","1"
"660","47","1"
"1667","1623","1"
"1667","1504","1"
"1650","1117","1"
"1341","691","1"
"691","363","1"
"785","1235","1"
"785","1299","1"
"1652","363","1"
"691","1341","1"
"691","670","1"
"1860","1858","1"
"305","936","1"
"1055","1055","1"
"106","956","1"
"106","673","1"
"1577","1322","1"
"691","481","1"
"691","201","1"
"691","1852","1"
"1867","78","1"
"663","213","1"
"1642","1732","1"
"1642","412","1"
"1642","388","1"
"1859","935","1"
"1487","1137","1"
"1487","464","1"
"1487","220","1"
"1836","800","1"
"1836","825","1"
"1271","631","1"
"1639","691","1"
"1639","481","1"
"1639","201","1"
"1639","1642","1"
"785","691","1"
"785","1639","1"
"1318","144","1"
"1318","850","1"
"1733","691","1"
"1208","122","1"
"1733","1642","1"
"1733","201","1"
"1878","3","1"
"1836","7","1"
"1836","363","1"
"1836","390","1"
"691","1733","1"
"691","1639","1"
"1862","529","1"
"691","785","1"
"354","1732","1"
"354","1529","1"
"354","1427","1"
"354","1648","1"
"1680","858","1"
"413","827","1"
"1434","1388","1"
"1434","1385","1"
"659","856","1"
"659","856","1"
"659","856","1"
"659","856","1"
"659","783","1"
"659","783","1"
"659","989","1"
"1021","1042","1"
"1227","143","1"
"1227","887","1"
"1227","214","1"
"1227","102","1"
"1227","101","1"
"1227","946","1"
"1042","1021","1"
"1227","468","1"
"1227","1039","1"
"1883","1042","1"
"1227","850","1"
"888","1191","1"
"1227","711","1"
"1227","57","1"
"1227","306","1"
"1227","148","1"
"987","1235","1"
"233","1042","1"
"1589","1179","1"
"1851","691","1"
"233","1876","1"
"233","1195","1"
"233","1366","1"
"1851","1818","1"
"888","1142","1"
"233","481","1"
"691","1851","1"
"233","706","1"
"233","1126","1"
"233","1702","1"
"233","1639","1"
"161","209","1"
"233","691","1"
"161","330","1"
"161","509","1"
"481","305","1"
"481","248","1"
"481","691","1"
"481","1639","1"
"481","233","1"
"1042","233","1"
"630","926","1"
"630","589","1"
"691","706","1"
"630","825","1"
"1158","353","1"
"1158","814","1"
"1158","1622","1"
"1158","1661","1"
"1158","119","1"
"1158","916","1"
"1158","1564","1"
"1158","1047","1"
"1158","1379","1"
"1158","1314","1"
"1158","615","1"
"783","659","1"
"214","1418","1"
"463","172","1"
"463","417","1"
"214","651","1"
"463","568","1"
"1862","691","1"
"213","663","1"
"1851","255","1"
"1772","879","1"
"1772","1640","1"
"1416","1463","1"
"1772","1803","1"
"1597","119","1"
"1434","1886","1"
"1050","1847","1"
"1097","1052","1"
"1097","1842","1"
"1237","331","1"
"1237","156","1"
"1237","1234","1"
"1237","468","1"
"814","1158","1"
"545","1529","1"
"1298","886","1"
"1298","1339","1"
"1050","348","1"
"1842","1097","1"
"47","1890","1"
"670","752","1"
"670","1168","1"
"670","1510","1"
"1890","47","1"
"1842","1660","1"
"301","623","1"
"301","1384","1"
"301","884","1"
"301","1676","1"
"1052","1097","1"
"1888","1851","1"
"1888","255","1"
"1339","1491","1"
"1339","752","1"
"1699","138","1"
"1339","1437","1"
"1339","1493","1"
"634","3","1"
"666","899","1"
"634","7","1"
"1424","1594","1"
"400","1888","1"
"666","791","1"
"666","599","1"
"1862","1586","1"
"1851","1042","1"
"1609","1047","1"
"691","1862","1"
"390","192","1"
"1915","1851","1"
"559","390","1"
"1915","255","1"
"1915","255","1"
"1915","1818","1"
"1915","691","1"
"160","363","1"
"546","1756","1"
"314","1743","1"
"1509","3","1"
"1680","1042","1"
"1509","6","1"
"1509","6","1"
"1094","1410","1"
"1094","577","1"
"1094","1339","1"
"1094","1390","1"
"1509","7","1"
"1509","9","1"
"1250","1142","1"
"1859","1586","1"
"1859","1681","1"
"355","1667","1"
"1174","1914","1"
"1174","1862","1"
"1888","1642","1"
"1174","1231","1"
"1174","1658","1"
"1896","1179","1"
"916","1798","1"
"916","1798","1"
"916","1798","1"
"1639","785","1"
"118","1152","1"
"1238","390","1"
"1238","1272","1"
"1619","760","1"
"740","1231","1"
"135","1463","1"
"1339","1224","1"
"251","259","1"
"251","142","1"
"251","56","1"
"251","160","1"
"251","112","1"
"251","266","1"
"251","407","1"
"251","428","1"
"251","472","1"
"251","492","1"
"251","550","1"
"251","153","1"
"251","631","1"
"251","660","1"
"251","443","1"
"251","514","1"
"251","1473","1"
"251","1514","1"
"1586","1859","1"
"1781","382","1"
"1781","272","1"
"1888","400","1"
"1888","1119","1"
"989","659","1"
"1658","1929","1"
"1658","1231","1"
"1658","1042","1"
"1658","827","1"
"935","1026","1"
"1658","1174","1"
"1658","740","1"
"935","1695","1"
"935","473","1"
"1540","473","1"
"1540","1695","1"
"1926","1047","1"
"316","1877","1"
"1540","1859","1"
"1540","481","1"
"1658","1798","1"
"1540","691","1"
"1658","545","1"
"1658","1876","1"
"1540","1366","1"
"1540","1186","1"
"1658","363","1"
"1658","1695","1"
"1658","473","1"
"1658","1026","1"
"1026","935","1"
"1658","1619","1"
"1658","201","1"
"1026","1658","1"
"1658","760","1"
"1639","1150","1"
"263","691","1"
"1904","1926","1"
"1639","233","1"
"1660","1842","1"
"1926","59","1"
"1926","1441","1"
"473","1540","1"
"473","1658","1"
"473","935","1"
"473","382","1"
"1293","1926","1"
"1680","1926","1"
"1926","1306","1"
"375","817","1"
"1926","1042","1"
"1926","1904","1"
"1926","1293","1"
"1926","1680","1"
"1926","92","1"
"1926","139","1"
"1926","352","1"
"1926","964","1"
"1926","258","1"
"1926","1024","1"
"1926","1036","1"
"1926","214","1"
"1926","386","1"
"1926","869","1"
"1404","1926","1"
"1926","933","1"
"1926","708","1"
"1926","508","1"
"1926","960","1"
"1926","1103","1"
"1926","327","1"
"1926","1179","1"
"1946","1926","1"
"1926","359","1"
"1926","334","1"
"1946","1047","1"
"1926","530","1"
"1926","1269","1"
"1926","224","1"
"1926","637","1"
"1926","1946","1"
"1926","257","1"
"375","722","1"
"1847","1050","1"
"1926","1609","1"
"1926","1158","1"
"1926","1403","1"
"1926","140","1"
"1926","591","1"
"1950","1564","1"
"1950","1564","1"
"1926","1322","1"
"1950","1661","1"
"1950","1926","1"
"1926","1950","1"
"1743","188","1"
"1050","1112","1"
"1050","445","1"
"206","360","1"
"206","669","1"
"206","1384","1"
"266","306","1"
"266","148","1"
"266","218","1"
"1743","314","1"
"266","514","1"
"1238","266","1"
"585","720","1"
"585","102","1"
"585","413","1"
"585","306","1"
"585","1039","1"
"1795","1540","1"
"1795","508","1"
"1795","935","1"
"585","850","1"
"1795","1658","1"
"1795","1859","1"
"250","1356","1"
"250","411","1"
"250","213","1"
"861","315","1"
"1403","1926","1"
"250","54","1"
"861","1623","1"
"250","1669","1"
"861","1667","1"
"861","354","1"
"375","1695","1"
"1795","251","1"
"1348","309","1"
"1795","1179","1"
"1795","436","1"
"1795","1242","1"
"1795","306","1"
"1795","148","1"
"1047","1047","1"
"1047","1946","1"
"1047","1926","1"
"690","919","1"
"1047","258","1"
"1047","1024","1"
"1047","1103","1"
"1047","960","1"
"1047","791","1"
"1047","1609","1"
"1047","651","1"
"1047","1322","1"
"62","964","1"
"690","1847","1"
"1047","1252","1"
"266","508","1"
"62","615","1"
"266","1658","1"
"690","168","1"
"1047","371","1"
"266","481","1"
"266","615","1"
"1047","1158","1"
"1119","468","1"
"266","9","1"
"1119","81","1"
"690","545","1"
"1119","1325","1"
"266","439","1"
"1047","122","1"
"266","1238","1"
"1119","439","1"
"1047","850","1"
"1119","700","1"
"1119","352","1"
"1119","615","1"
"1451","1363","1"
"192","390","1"
"1047","252","1"
"1667","1614","1"
"384","557","1"
"858","545","1"
"858","1680","1"
"667","1653","1"
"202","1614","1"
"620","74","1"
"353","1158","1"
"353","1397","1"
"1441","1926","1"
"1245","447","1"
"960","1926","1"
"1847","690","1"
"1051","1614","1"
"152","960","1"
"918","1231","1"
"706","233","1"
"706","691","1"
"945","1137","1"
"706","670","1"
"706","1341","1"
"706","1639","1"
"706","785","1"
"706","1851","1"
"706","1733","1"
"706","481","1"
"706","1862","1"
"706","263","1"
"706","1540","1"
"706","1915","1"
"1658","168","1"
"1658","1847","1"
"1658","690","1"
"1214","1250","1"
"1050","1281","1"
"1759","3","1"
"1409","1428","1"
"1234","1214","1"
"1234","1214","1"
"272","382","1"
"272","1781","1"
"1476","363","1"
"68","1174","1"
"68","1308","1"
"68","1386","1"
"68","413","1"
"68","138","1"
"573","641","1"
"1658","1614","1"
"1591","1238","1"
"1707","1982","1"
"1591","1926","1"
"1707","1214","1"
"1707","1214","1"
"1591","545","1"
"1591","107","1"
"1591","1862","1"
"1591","1195","1"
"1591","1042","1"
"476","47","1"
"389","156","1"
"1987","1022","1"
"1243","1281","1"
"1243","1062","1"
"1243","1333","1"
"515","1926","1"
"1243","1325","1"
"1243","1343","1"
"1386","113","1"
"1386","68","1"
"1386","1506","1"
"1386","1050","1"
"1859","1523","1"
"1859","1540","1"
"1340","1255","1"
"1340","1201","1"
"1340","81","1"
"1340","1128","1"
"1340","266","1"
"1340","1523","1"
"319","1695","1"
"1982","1707","1"
"352","1373","1"
"644","1174","1"
"644","388","1"
"644","1862","1"
"644","1658","1"
"319","1000","1"
"1238","1591","1"
"319","1000","1"
"1681","1859","1"
"973","1255","1"
"973","781","1"
"973","137","1"
"973","1196","1"
"973","352","1"
"973","1400","1"
"1384","982","1"
"1947","1045","1"
"390","1859","1"
"1004","587","1"
"1004","1039","1"
"1004","839","1"
"390","125","1"
"1004","991","1"
"1004","933","1"
"1004","986","1"
"1004","942","1"
"1004","601","1"
"1004","800","1"
"1004","589","1"
"1004","1658","1"
"1004","827","1"
"1004","1681","1"
"1004","1859","1"
"1004","1897","1"
"1004","1231","1"
"1004","1914","1"
"1004","1862","1"
"1004","1586","1"
"360","546","1"
"1004","1798","1"
"1004","1861","1"
"360","1194","1"
"360","982","1"
"1591","1033","1"
"1607","563","1"
"1847","1658","1"
"1426","1385","1"
"930","462","1"
"1302","1314","1"
"1302","240","1"
"1302","946","1"
"1302","946","1"
"1398","892","1"
"462","930","1"
"1652","982","1"
"1004","1772","1"
"1004","1834","1"
"1004","1847","1"
"1004","363","1"
"1004","1852","1"
"1004","691","1"
"1004","481","1"
"1308","388","1"
"1004","201","1"
"1004","1642","1"
"1004","1639","1"
"1308","68","1"
"1004","1702","1"
"1004","1126","1"
"1004","1042","1"
"1004","545","1"
"1004","706","1"
"1004","960","1"
"1004","1818","1"
"1004","1772","1"
"1642","1004","1"
"1642","1888","1"
"1642","1733","1"
"1642","1639","1"
"156","412","1"
"156","1747","1"
"156","1743","1"
"156","1660","1"
"1798","916","1"
"1798","1658","1"
"1798","1004","1"
"7","6","1"
"748","125","1"
"1171","781","1"
"1190","2022","1"
"1661","462","1"
"1190","462","1"
"1190","280","1"
"1190","1847","1"
"1888","138","1"
"447","1245","1"
"20","756","1"
"20","164","1"
"1653","1807","1"
"1653","667","1"
"2043","7","1"
"396","184","1"
"445","312","1"
"1250","1859","1"
"2040","1062","1"
"184","3","1"
"2017","1798","1"
"2017","916","1"
"2017","1658","1"
"462","1661","1"
"2017","184","1"
"462","1190","1"
"2017","396","1"
"2017","3","1"
"2017","6","1"
"2017","7","1"
"2017","561","1"
"1540","2038","1"
"1540","1523","1"
"1540","706","1"
"354","1397","1"
"903","937","1"
"1000","319","1"
"785","706","1"
"785","1733","1"
"785","1004","1"
"1636","1638","1"
"1428","850","1"
"1428","1409","1"
"591","1926","1"
"1215","722","1"
"259","1179","1"
"54","1607","1"
"2035","1237","1"
"2035","926","1"
"445","746","1"
"445","514","1"
"445","566","1"
"445","1050","1"
"1196","679","1"
"1196","1255","1"
"990","1233","1"
"990","740","1"
"990","690","1"
"45","1611","1"
"3","11","1"
"160","699","1"
"990","489","1"
"1756","546","1"
"319","1402","1"
"130","891","1"
"991","1402","1"
"1772","1004","1"
"1638","1636","1"
"579","933","1"
"579","1047","1"
"579","214","1"
"579","869","1"
"579","139","1"
"579","154","1"
"579","800","1"
"45","421","1"
"266","1101","1"
"1222","2086","1"
"1308","1402","1"
"74","160","1"
"74","267","1"
"74","267","1"
"74","343","1"
"74","15","1"
"74","306","1"
"74","361","1"
"74","342","1"
"74","342","1"
"74","549","1"
"74","153","1"
"74","153","1"
"74","760","1"
"74","711","1"
"74","620","1"
"2096","1594","1"
"1890","1101","1"
"1890","78","1"
"1890","1923","1"
"3","140","1"
"1923","1890","1"
"344","680","1"
"721","561","1"
"945","1385","1"
"977","298","1"
"945","72","1"
"945","160","1"
"945","860","1"
"456","721","1"
"945","1386","1"
"945","106","1"
"2099","251","1"
"916","92","1"
"1308","1305","1"
"2070","359","1"
"1809","990","1"
"1308","1395","1"
"1622","359","1"
"294","81","1"
"294","148","1"
"302","1809","1"
"294","386","1"
"294","306","1"
"294","362","1"
"294","180","1"
"294","501","1"
"294","371","1"
"294","632","1"
"294","216","1"
"294","662","1"
"1411","835","1"
"1411","1399","1"
"2111","1831","1"
"2111","2105","1"
"2111","1086","1"
"2112","1437","1"
"1543","1615","1"
"62","1586","1"
"1241","685","1"
"1658","1809","1"
"1274","82","1"
"867","1937","1"
"867","922","1"
"867","1447","1"
"867","964","1"
"867","514","1"
"948","755","1"
"723","2097","1"
"1349","176","1"
"421","45","1"
"1339","755","1"
"1339","755","1"
"689","368","1"
"689","445","1"
"689","2105","1"
"445","689","1"
"1658","1629","1"
"1910","738","1"
"1910","833","1"
"1910","7","1"
"1910","7","1"
"1910","1399","1"
"468","1690","1"
"1910","1028","1"
"1910","679","1"
"1910","902","1"
"2138","620","1"
"2138","62","1"
"2138","439","1"
"1910","2","1"
"1910","3","1"
"1910","11","1"
"1910","6","1"
"1910","164","1"
"1910","466","1"
"1702","233","1"
"1702","1004","1"
"286","142","1"
"286","49","1"
"286","362","1"
"286","388","1"
"2142","1800","1"
"315","1840","1"
"354","2142","1"
"1900","1840","1"
"1900","2142","1"
"1900","737","1"
"2135","1840","1"
"15","7","1"
"15","11","1"
"15","6","1"
"1408","1836","1"
"1408","1623","1"
"1395","1308","1"
"2147","1836","1"
"1840","315","1"
"1840","2135","1"
"350","509","1"
"2150","803","1"
"615","481","1"
"615","7","1"
"615","7","1"
"615","9","1"
"4","7","0"
"3","45","0"
"1","4","0"
"3","363","0"
"834","856","0"
"2240","59","0"
"492","6","0"
"2245","6","0"
"1051","6","0"
"710","6","0"
"1043","11","0"
"868","6","0"
"612","6","0"
"847","6","0"
"1731","6","0"
"242","6","0"
"1864","1147","0"
"1864","118","0"
"439","2218","0"
"439","2218","0"
"192","6","0"
"550","6","0"
"1801","922","0"
"1340","738","0"
"1340","101","0"
"1340","6","0"
"698","6","0"
"1318","6","0"
"1825","6","0"
"1239","6","0"
"1098","6","0"
"1010","6","0"
"669","458","0"
"669","458","0"
"47","6","0"
"669","458","0"
"377","6","0"
"2234","6","0"
"2234","6","0"
"620","6","0"
"129","6","0"
"2234","6","0"
"2234","6","0"
"2234","6","0"
"2234","6","0"
"2234","6","0"
"2234","6","0"
"2234","6","0"
"2234","6","0"
"2234","6","0"
"2234","6","0"
"2234","6","0"
"2234","6","0"
"2271","6","0"
"2234","6","0"
"2234","6","0"
"2234","6","0"
"2234","6","0"
"2234","6","0"
"2234","6","0"
"2271","6","0"
"2234","6","0"
"2234","6","0"
"2234","6","0"
"1276","6","0"
"1886","6","0"
"326","6","0"
"432","6","0"
"1030","6","0"
"410","6","0"
"447","6","0"
"1255","6","0"
"619","6","0"
"630","6","0"
"1947","6","0"
"1947","6","0"
"1947","6","0"
"1947","6","0"
"1947","6","0"
"1947","6","0"
"1947","6","0"
"175","6","0"
"673","6","0"
"1862","6","0"
"1805","6","0"
"380","6","0"
"718","6","0"
"265","6","0"
"1985","6","0"
"902","6","0"
"1591","6","0"
"711","6","0"
"1550","6","0"
"895","6","0"
"1017","6","0"
"867","6","0"
"2277","6","0"
"1212","6","0"
"475","6","0"
"475","6","0"
"327","6","0"
"955","6","0"
"352","6","0"
"352","7","0"
"1836","6","0"
"653","6","0"
"329","6","0"
"891","6","0"
"945","6","0"
"168","6","0"
"143","6","0"
"361","6","0"
"361","6","0"
"2287","6","0"
"47","535","0"
"1101","326","0"
"1199","6","0"
"1439","1047","0"
"1439","1926","0"
"2282","6","0"
"2282","6","0"
"2228","326","0"
"24","7","0"
"916","6","0"
"4","29","0"
"29","4","0"
"34","2","0"
